core,mat_start,mat_end,blend_start,blend_end,gap,blend_len,mov_br,mov_nc
1-10,0.0001,2.3934,2.3935,6.1655,0.0000,3.7720,2.3903,2.3610
1-11,0.0001,2.4506,2.4506,6.1727,0.0000,3.7221,2.3924,2.4300
1-2,0.0001,2.7651,2.7651,6.1675,0.0000,3.4025,2.3247,2.7539
1-3,0.0000,2.6677,2.6677,6.1706,0.0000,3.5028,2.3686,2.4416
1-4,0.0000,2.5799,2.5800,6.1742,0.0000,3.5942,2.4410,2.5314
1-5,0.0000,2.5012,2.5013,6.1745,0.0000,3.6732,2.4371,2.4472
1-6,0.0000,2.4526,2.4527,6.1715,0.0000,3.7188,2.4370,2.3906
1-7,0.0000,2.4234,2.4234,6.1712,0.0000,3.7478,2.4231,2.3603
1-8,0.0000,2.4055,2.4055,6.1689,0.0000,3.7634,2.4052,2.3585
1-9,0.0000,2.4000,2.4000,6.1704,0.0000,3.7704,2.3954,2.3664
11-10,0.0001,2.4397,2.4397,6.1749,0.0000,3.7352,2.3579,2.4394
11-11,0.0001,2.4691,2.4691,6.1690,0.0000,3.6999,2.3637,2.4644
11-2,0.0001,2.6096,2.6096,6.1761,0.0000,3.5665,2.3337,2.5377
11-3,0.0001,2.6739,2.6739,6.1767,0.0000,3.5027,2.4297,2.6607
11-4,0.0001,2.5336,2.5337,6.1774,0.0000,3.6437,2.4317,2.4953
11-5,0.0001,2.4473,2.4474,6.1700,0.0000,3.7226,2.4002,2.4302
11-6,0.0001,2.4147,2.4147,6.1644,0.0000,3.7497,2.3877,2.4105
11-7,0.0001,2.3973,2.3974,6.1775,0.0000,3.7802,2.3762,2.3915
11-8,0.0001,2.4231,2.4231,6.1712,0.0000,3.7481,2.3681,2.4227
11-9,0.0001,2.4405,2.4405,6.1812,0.0000,3.7407,2.3706,2.4401
12-10,0.0001,2.5042,2.5042,6.1820,0.0000,3.6778,2.3715,2.5039
12-11,0.0001,2.4696,2.4696,6.1711,0.0000,3.7014,2.3538,2.4671
12-2,0.0001,2.5388,2.5388,6.1787,0.0000,3.6399,2.3150,2.4259
12-3,0.0001,2.6531,2.6532,6.1727,0.0000,3.5195,2.3981,2.6422
12-4,0.0001,2.5197,2.5197,6.1827,0.0000,3.6630,2.4018,2.5056
12-5,0.0001,2.4598,2.4598,6.1651,0.0000,3.7053,2.3783,2.4595
12-6,0.0001,2.4406,2.4406,6.1809,0.0000,3.7403,2.3761,2.4403
12-7,0.0001,2.4423,2.4424,6.1788,0.0000,3.7365,2.3698,2.4420
12-8,0.0001,2.4589,2.4589,6.1713,0.0000,3.7124,2.3722,2.4586
12-9,0.0001,2.4744,2.4744,6.1748,0.0000,3.7004,2.3771,2.4740
13-10,0.0001,2.5374,2.5374,6.1749,0.0000,3.6374,2.3732,2.5371
13-11,0.0001,2.4850,2.4850,6.1635,0.0000,3.6785,2.3507,2.4846
13-2,0.0002,2.4267,2.4268,6.1706,0.0000,3.7438,2.2952,2.2282
13-3,0.0001,2.6548,2.6548,6.1620,0.0000,3.5072,2.3839,2.6532
13-4,0.0001,2.5332,2.5332,6.1754,0.0000,3.6422,2.3846,2.5318
13-5,0.0001,2.4809,2.4810,6.1766,0.0000,3.6957,2.3789,2.4806
13-6,0.0001,2.4692,2.4692,6.1725,0.0000,3.7032,2.3750,2.4689
13-7,0.0001,2.4672,2.4673,6.1736,0.0000,3.7063,2.3758,2.4669
13-8,0.0001,2.4930,2.4930,6.1824,0.0000,3.6893,2.3770,2.4927
13-9,0.0001,2.4972,2.4973,6.1635,0.0000,3.6662,2.3726,2.4969
14-10,0.0001,2.5559,2.5559,6.1594,0.0000,3.6035,2.3620,2.5556
14-11,0.0001,2.5114,2.5114,6.1708,0.0000,3.6594,2.3512,2.5110
14-2,0.0002,2.8127,2.8127,6.1730,0.0000,3.3603,2.3276,2.7256
14-3,0.0001,2.6583,2.6583,6.1937,0.0000,3.5354,2.3714,2.6580
14-4,0.0001,2.5475,2.5475,6.1748,0.0000,3.6273,2.3828,2.5470
14-5,0.0001,2.5035,2.5035,6.1706,0.0000,3.6671,2.3784,2.5032
14-6,0.0001,2.4894,2.4894,6.1701,0.0000,3.6806,2.3780,2.4891
14-7,0.0001,2.4907,2.4907,6.1809,0.0000,3.6902,2.3731,2.4903
14-8,0.0001,2.5177,2.5177,6.1734,0.0000,3.6557,2.3747,2.5174
14-9,0.0001,2.5163,2.5163,6.1806,0.0000,3.6643,2.3750,2.5160
15-10,0.0001,2.5663,2.5663,6.1803,0.0000,3.6140,2.3600,2.5659
15-11,0.0002,2.5363,2.5363,6.1750,0.0000,3.6387,2.3539,2.5359
15-2,0.0002,2.7466,2.7466,6.1749,0.0000,3.4283,2.3128,2.5941
15-3,0.0001,2.6417,2.6417,6.1753,0.0000,3.5336,2.3646,2.6414
15-4,0.0001,2.5385,2.5385,6.1829,0.0000,3.6444,2.3826,2.5382
15-5,0.0001,2.4991,2.4991,6.1789,0.0000,3.6798,2.3793,2.4987
15-6,0.0001,2.4943,2.4943,6.1667,0.0000,3.6723,2.3761,2.4940
15-7,0.0001,2.4965,2.4965,6.1773,0.0000,3.6808,2.3781,2.4961
15-8,0.0001,2.5074,2.5074,6.1667,0.0000,3.6593,2.3712,2.5071
15-9,0.0001,2.5119,2.5120,6.1687,0.0000,3.6567,2.3665,2.5116
2-10,0.0001,2.3927,2.3927,6.1733,0.0000,3.7806,2.3759,2.3826
2-11,0.0001,2.4551,2.4551,6.1690,0.0000,3.7139,2.3924,2.4385
2-2,0.0001,2.7749,2.7749,6.1688,0.0000,3.3939,2.3158,2.7666
2-3,0.0000,2.7431,2.7432,6.1799,0.0000,3.4367,2.4092,2.6414
2-4,0.0000,2.5849,2.5849,6.1694,0.0000,3.5845,2.4483,2.5406
2-5,0.0000,2.4952,2.4952,6.1749,0.0000,3.6797,2.4292,2.4549
2-6,0.0000,2.4343,2.4343,6.1800,0.0000,3.7457,2.4145,2.3897
2-7,0.0000,2.4104,2.4104,6.1631,0.0000,3.7527,2.4094,2.3606
2-8,0.0000,2.3896,2.3896,6.1747,0.0000,3.7851,2.3843,2.3718
2-9,0.0001,2.3984,2.3984,6.1698,0.0000,3.7714,2.3818,2.3918
3-10,0.0001,2.4143,2.4143,6.1802,0.0000,3.7658,2.3700,2.4120
3-11,0.0001,2.4471,2.4471,6.1772,0.0000,3.7301,2.3792,2.4339
3-2,0.0001,2.6964,2.6964,6.1734,0.0000,3.4770,2.3151,2.6781
3-3,0.0000,2.7121,2.7121,6.1739,0.0000,3.4618,2.3939,2.5953
3-4,0.0000,2.5706,2.5706,6.1775,0.0000,3.6069,2.4285,2.5384
3-5,0.0000,2.4766,2.4766,6.1792,0.0000,3.7026,2.4024,2.4512
3-6,0.0000,2.4252,2.4253,6.1699,0.0000,3.7446,2.3925,2.4133
3-7,0.0000,2.4006,2.4007,6.1661,0.0000,3.7654,2.3914,2.3858
3-8,0.0001,2.4042,2.4043,6.1695,0.0000,3.7653,2.3739,2.4032
3-9,0.0001,2.4199,2.4199,6.1788,0.0000,3.7589,2.3728,2.4193
4-10,0.0001,2.4401,2.4401,6.1703,0.0000,3.7303,2.3695,2.4392
4-11,0.0001,2.4530,2.4531,6.1685,0.0000,3.7154,2.3708,2.4475
4-2,0.0001,2.7002,2.7002,6.1777,0.0000,3.4775,2.2973,2.6855
4-3,0.0000,2.6840,2.6841,6.1727,0.0000,3.4887,2.3671,2.5483
4-4,0.0000,2.5569,2.5569,6.1822,0.0000,3.6253,2.4057,2.5395
4-5,0.0000,2.4778,2.4779,6.1714,0.0000,3.6935,2.3877,2.4700
4-6,0.0000,2.4393,2.4393,6.1802,0.0000,3.7409,2.3805,2.4390
4-7,0.0000,2.4126,2.4126,6.1825,0.0000,3.7699,2.3812,2.4099
4-8,0.0001,2.4283,2.4283,6.1812,0.0000,3.7529,2.3790,2.4280
4-9,0.0001,2.4421,2.4421,6.1733,0.0000,3.7312,2.3688,2.4418
5-10,0.0001,2.4776,2.4777,6.1769,0.0000,3.6992,2.3702,2.4774
5-11,0.0001,2.4834,2.4834,6.1764,0.0000,3.6929,2.3627,2.4825
5-2,0.0001,2.5900,2.5901,6.1771,0.0000,3.5871,2.2904,2.5414
5-3,0.0000,2.7367,2.7367,6.1782,0.0000,3.4415,2.3897,2.7350
5-4,0.0000,2.5588,2.5588,6.1721,0.0000,3.6133,2.3949,2.5523
5-5,0.0000,2.4859,2.4859,6.1641,0.0000,3.6782,2.3805,2.4856
5-6,0.0000,2.4526,2.4526,6.1785,0.0000,3.7259,2.3780,2.4524
5-7,0.0001,2.4343,2.4343,6.1793,0.0000,3.7450,2.3823,2.4340
5-8,0.0001,2.4580,2.4581,6.1812,0.0000,3.7232,2.3752,2.4578
5-9,0.0001,2.4723,2.4723,6.1659,0.0000,3.6935,2.3750,2.4721
6-10,0.0001,2.5096,2.5097,6.1682,0.0000,3.6586,2.3717,2.5094
6-11,0.0001,2.5014,2.5015,6.1814,0.0000,3.6799,2.3569,2.5012
6-2,0.0001,2.5615,2.5616,6.1825,0.0000,3.6209,2.2791,2.4610
6-3,0.0000,2.7096,2.7097,6.1805,0.0000,3.4709,2.3820,2.7094
6-4,0.0000,2.5512,2.5512,6.1741,0.0000,3.6229,2.3886,2.5497
6-5,0.0000,2.4892,2.4893,6.1672,0.0000,3.6779,2.3720,2.4890
6-6,0.0001,2.4592,2.4593,6.1796,0.0000,3.7203,2.3737,2.4590
6-7,0.0001,2.4447,2.4448,6.1728,0.0000,3.7280,2.3783,2.4445
6-8,0.0001,2.4714,2.4714,6.1743,0.0000,3.7029,2.3806,2.4711
6-9,0.0001,2.4837,2.4837,6.1745,0.0000,3.6908,2.3695,2.4834
