core,mat_start,mat_end,blend_start,blend_end,gap,blend_len,mov_br,mov_nc,t1_idle_mat,t1_busy_mat,batches,math_wait,math_act
1-10,0.0001,2.3925,2.3925,6.1735,0.0000,3.7810,2.3892,2.3598,2.2725,0.1189,192.4138,0.0012,2.3882
1-11,0.0001,2.4505,2.4505,6.1577,0.0000,3.7072,2.3917,2.4294,2.3467,0.1027,195.8621,0.0012,2.4440
1-2,0.0001,2.7644,2.7644,6.1670,0.0000,3.4025,2.3259,2.7523,2.7245,0.0389,160.0345,0.0008,2.7538
1-3,0.0000,2.6660,2.6660,6.1722,0.0000,3.5062,2.3675,2.4393,2.6052,0.0598,178.9310,0.0009,2.6585
1-4,0.0000,2.5809,2.5809,6.1735,0.0000,3.5926,2.4413,2.5321,2.4817,0.0982,201.0345,0.0012,2.5752
1-5,0.0000,2.5007,2.5008,6.1642,0.0000,3.6635,2.4364,2.4457,2.4015,0.0982,196.3793,0.0012,2.4953
1-6,0.0000,2.4518,2.4518,6.1625,0.0000,3.7107,2.4365,2.3898,2.3355,0.1153,193.5517,0.0012,2.4471
1-7,0.0000,2.4229,2.4229,6.1653,0.0000,3.7424,2.4225,2.3604,2.3152,0.1066,192.2414,0.0012,2.4186
1-8,0.0000,2.4047,2.4047,6.1725,0.0000,3.7677,2.4042,2.3572,2.2970,0.1066,191.9310,0.0012,2.4006
1-9,0.0000,2.4014,2.4014,6.1755,0.0000,3.7741,2.3969,2.3670,2.2675,0.1328,192.8276,0.0012,2.3966
11-10,0.0001,2.4381,2.4381,6.1652,0.0000,3.7270,2.3591,2.4377,2.3244,0.1126,193.5862,0.0012,2.4318
11-11,0.0001,2.4688,2.4689,6.1806,0.0000,3.7118,2.3629,2.4632,2.3595,0.1082,196.5172,0.0011,2.4612
11-2,0.0001,2.6102,2.6102,6.1675,0.0000,3.5573,2.3345,2.5372,2.5570,0.0521,160.7586,0.0009,2.6028
11-3,0.0001,2.6746,2.6746,6.1639,0.0000,3.4893,2.4292,2.6605,2.5782,0.0953,206.2069,0.0011,2.6659
11-4,0.0001,2.5375,2.5375,6.1634,0.0000,3.6258,2.4354,2.4994,2.4403,0.0962,198.4483,0.0012,2.5321
11-5,0.0001,2.4478,2.4478,6.1649,0.0000,3.7170,2.4007,2.4296,2.3429,0.1038,194.6207,0.0012,2.4426
11-6,0.0001,2.4153,2.4154,6.1571,0.0000,3.7418,2.3895,2.4098,2.2940,0.1203,192.7241,0.0012,2.4095
11-7,0.0001,2.3978,2.3978,6.1514,0.0000,3.7536,2.3767,2.3914,2.2920,0.1047,191.7241,0.0012,2.3931
11-8,0.0001,2.4241,2.4241,6.1584,0.0000,3.7343,2.3694,2.4236,2.3127,0.1103,192.7931,0.0012,2.4189
11-9,0.0001,2.4380,2.4380,6.1746,0.0000,3.7366,2.3701,2.4375,2.3165,0.1204,193.2759,0.0012,2.4311
12-10,0.0001,2.5030,2.5031,6.1663,0.0000,3.6632,2.3706,2.5026,2.3898,0.1122,194.5172,0.0011,2.4952
12-11,0.0001,2.4718,2.4718,6.1695,0.0000,3.6977,2.3545,2.4693,2.3674,0.1032,196.7241,0.0011,2.4627
12-2,0.0002,2.5422,2.5423,6.1710,0.0000,3.6287,2.3180,2.4278,2.4866,0.0545,153.3793,0.0008,2.5345
12-3,0.0001,2.6540,2.6540,6.1714,0.0000,3.5174,2.3990,2.6428,2.5638,0.0891,204.6552,0.0011,2.6458
12-4,0.0001,2.5189,2.5190,6.1618,0.0000,3.6428,2.4013,2.5027,2.4152,0.1026,197.4483,0.0011,2.5133
12-5,0.0001,2.4582,2.4582,6.1797,0.0000,3.7215,2.3764,2.4578,2.3733,0.0838,194.5172,0.0012,2.4529
12-6,0.0001,2.4409,2.4409,6.1575,0.0000,3.7166,2.3764,2.4405,2.3404,0.0994,192.5172,0.0012,2.4344
12-7,0.0001,2.4439,2.4440,6.1700,0.0000,3.7261,2.3758,2.4435,2.3356,0.1073,191.9310,0.0012,2.4387
12-8,0.0001,2.4607,2.4608,6.1711,0.0000,3.7104,2.3710,2.4603,2.3624,0.0972,192.6897,0.0012,2.4546
12-9,0.0001,2.4724,2.4724,6.1592,0.0000,3.6868,2.3771,2.4719,2.3603,0.1110,193.2759,0.0012,2.4650
13-10,0.0001,2.5387,2.5387,6.1752,0.0000,3.6365,2.3739,2.5382,2.4279,0.1096,195.4483,0.0011,2.5295
13-11,0.0001,2.4839,2.4839,6.1622,0.0000,3.6783,2.3507,2.4832,2.3833,0.0994,196.5172,0.0011,2.4743
13-2,0.0002,2.4260,2.4260,6.1637,0.0000,3.7376,2.2951,2.2275,2.3795,0.0453,139.0000,0.0008,2.4206
13-3,0.0001,2.6518,2.6518,6.1714,0.0000,3.5196,2.3818,2.6499,2.5695,0.0812,203.7931,0.0011,2.6437
13-4,0.0001,2.5328,2.5328,6.1732,0.0000,3.6404,2.3843,2.5314,2.4346,0.0972,197.3103,0.0011,2.5264
13-5,0.0001,2.4836,2.4836,6.1731,0.0000,3.6895,2.3817,2.4832,2.3931,0.0893,193.8621,0.0012,2.4767
13-6,0.0001,2.4696,2.4696,6.1685,0.0000,3.6989,2.3750,2.4691,2.3691,0.0994,192.3793,0.0012,2.4630
13-7,0.0001,2.4685,2.4685,6.1642,0.0000,3.6957,2.3765,2.4681,2.3604,0.1070,191.4828,0.0012,2.4626
13-8,0.0001,2.4944,2.4944,6.1707,0.0000,3.6762,2.3793,2.4939,2.3873,0.1059,192.9310,0.0012,2.4873
13-9,0.0001,2.5008,2.5009,6.1722,0.0000,3.6713,2.3753,2.5004,2.3907,0.1091,192.8621,0.0012,2.4913
14-10,0.0001,2.5551,2.5552,6.1699,0.0000,3.6148,2.3614,2.5547,2.4480,0.1060,195.3448,0.0011,2.5450
14-11,0.0001,2.5113,2.5113,6.1620,0.0000,3.6506,2.3526,2.5109,2.4042,0.1060,196.4138,0.0011,2.5018
14-2,0.0002,2.8140,2.8141,6.1674,0.0000,3.3533,2.3293,2.7265,2.7502,0.0627,192.1034,0.0009,2.8062
14-3,0.0001,2.6591,2.6591,6.1596,0.0000,3.5005,2.3723,2.6587,2.5742,0.0838,203.1724,0.0011,2.6507
14-4,0.0001,2.5472,2.5473,6.1708,0.0000,3.6236,2.3821,2.5468,2.4488,0.0974,196.8621,0.0011,2.5403
14-5,0.0001,2.5018,2.5018,6.1834,0.0000,3.6815,2.3775,2.5014,2.4195,0.0812,193.8966,0.0012,2.4949
14-6,0.0001,2.4893,2.4893,6.1741,0.0000,3.6848,2.3782,2.4889,2.3942,0.0940,192.1724,0.0012,2.4821
14-7,0.0001,2.4898,2.4899,6.1835,0.0000,3.6937,2.3762,2.4894,2.3785,0.1102,191.7931,0.0011,2.4831
14-8,0.0001,2.5147,2.5147,6.1745,0.0000,3.6598,2.3757,2.5142,2.4074,0.1062,193.1034,0.0012,2.5079
14-9,0.0001,2.5182,2.5182,6.1589,0.0000,3.6408,2.3763,2.5177,2.4056,0.1114,192.7241,0.0011,2.5103
15-10,0.0001,2.5623,2.5623,6.1699,0.0000,3.6075,2.3563,2.5618,2.4609,0.1002,196.0690,0.0011,2.5533
15-11,0.0002,2.5359,2.5359,6.1598,0.0000,3.6239,2.3549,2.5354,2.4370,0.0978,196.6207,0.0011,2.5264
15-2,0.0002,2.7480,2.7480,6.1730,0.0000,3.4249,2.3136,2.5949,2.6916,0.0552,183.6207,0.0009,2.7403
15-3,0.0001,2.6409,2.6409,6.1629,0.0000,3.5220,2.3655,2.6404,2.5547,0.0850,202.0345,0.0011,2.6325
15-4,0.0001,2.5387,2.5388,6.1602,0.0000,3.6215,2.3833,2.5383,2.4440,0.0936,196.4483,0.0011,2.5322
15-5,0.0001,2.4995,2.4995,6.1718,0.0000,3.6723,2.3784,2.4990,2.4142,0.0842,193.6552,0.0011,2.4919
15-6,0.0001,2.4959,2.4959,6.1559,0.0000,3.6600,2.3763,2.4955,2.3937,0.1011,192.4138,0.0012,2.4890
15-7,0.0001,2.4955,2.4955,6.1626,0.0000,3.6671,2.3786,2.4950,2.3835,0.1109,192.5172,0.0012,2.4886
15-8,0.0001,2.5066,2.5066,6.1810,0.0000,3.6744,2.3723,2.5061,2.4122,0.0933,192.5862,0.0012,2.4999
15-9,0.0001,2.5125,2.5125,6.1754,0.0000,3.6629,2.3661,2.5120,2.4058,0.1056,192.6207,0.0011,2.5046
2-10,0.0001,2.3908,2.3909,6.1655,0.0000,3.7747,2.3747,2.3820,2.2534,0.1364,192.2069,0.0012,2.3861
2-11,0.0001,2.4530,2.4530,6.1702,0.0000,3.7172,2.3904,2.4362,2.3360,0.1159,196.1724,0.0012,2.4462
2-2,0.0001,2.7747,2.7747,6.1701,0.0000,3.3954,2.3181,2.7665,2.7350,0.0386,160.2069,0.0008,2.7641
2-3,0.0000,2.7437,2.7437,6.1589,0.0000,3.4152,2.4112,2.6424,2.6693,0.0734,197.6207,0.0010,2.7350
2-4,0.0000,2.5851,2.5852,6.1680,0.0000,3.5829,2.4497,2.5405,2.4820,0.1022,200.2069,0.0012,2.5791
2-5,0.0000,2.4960,2.4961,6.1712,0.0000,3.6752,2.4302,2.4547,2.3906,0.1044,195.9310,0.0012,2.4906
2-6,0.0000,2.4331,2.4331,6.1692,0.0000,3.7361,2.4140,2.3884,2.3260,0.1060,193.1034,0.0012,2.4281
2-7,0.0000,2.4093,2.4093,6.1756,0.0000,3.7663,2.4086,2.3581,2.3112,0.0971,192.2414,0.0012,2.4050
2-8,0.0000,2.3918,2.3918,6.1531,0.0000,3.7613,2.3874,2.3707,2.2898,0.1010,191.9655,0.0012,2.3876
2-9,0.0001,2.3984,2.3984,6.1643,0.0000,3.7659,2.3841,2.3913,2.2622,0.1352,193.2414,0.0012,2.3929
3-10,0.0001,2.4172,2.4172,6.1665,0.0000,3.7493,2.3708,2.4146,2.2918,0.1243,192.7241,0.0012,2.4107
3-11,0.0001,2.4472,2.4472,6.1632,0.0000,3.7160,2.3803,2.4332,2.3277,0.1185,195.9655,0.0012,2.4408
3-2,0.0001,2.6961,2.6961,6.1710,0.0000,3.4749,2.3154,2.6778,2.6548,0.0402,158.6897,0.0008,2.6856
3-3,0.0000,2.7137,2.7138,6.1727,0.0000,3.4589,2.3956,2.5972,2.6381,0.0747,195.2759,0.0010,2.7039
3-4,0.0000,2.5721,2.5721,6.1736,0.0000,3.6015,2.4295,2.5390,2.4737,0.0974,199.9655,0.0012,2.5664
3-5,0.0000,2.4800,2.4800,6.1654,0.0000,3.6854,2.4041,2.4534,2.3915,0.0874,195.5172,0.0012,2.4748
3-6,0.0000,2.4271,2.4271,6.1638,0.0000,3.7366,2.3939,2.4152,2.3071,0.1190,193.0000,0.0012,2.4217
3-7,0.0000,2.3997,2.3997,6.1628,0.0000,3.7631,2.3919,2.3826,2.2923,0.1064,192.1034,0.0012,2.3950
3-8,0.0000,2.4051,2.4051,6.1730,0.0000,3.7679,2.3755,2.4040,2.3047,0.0994,191.9655,0.0012,2.4000
3-9,0.0001,2.4209,2.4209,6.1673,0.0000,3.7463,2.3744,2.4205,2.3003,0.1196,192.8276,0.0012,2.4150
4-10,0.0001,2.4457,2.4457,6.1753,0.0000,3.7296,2.3733,2.4443,2.3195,0.1251,192.7586,0.0012,2.4387
4-11,0.0001,2.4546,2.4546,6.1715,0.0000,3.7169,2.3738,2.4522,2.3329,0.1205,196.1034,0.0011,2.4475
4-2,0.0001,2.7007,2.7007,6.1625,0.0000,3.4618,2.2971,2.6862,2.6548,0.0448,160.2069,0.0008,2.6893
4-3,0.0000,2.6851,2.6852,6.1694,0.0000,3.4843,2.3685,2.5491,2.6106,0.0735,192.8966,0.0010,2.6761
4-4,0.0000,2.5591,2.5591,6.1698,0.0000,3.6107,2.4082,2.5419,2.4534,0.1046,199.4138,0.0012,2.5534
4-5,0.0000,2.4765,2.4766,6.1596,0.0000,3.6830,2.3883,2.4689,2.3856,0.0899,195.4138,0.0012,2.4712
4-6,0.0000,2.4400,2.4400,6.1664,0.0000,3.7263,2.3801,2.4396,2.3289,0.1101,193.0345,0.0012,2.4340
4-7,0.0000,2.4115,2.4115,6.1624,0.0000,3.7509,2.3812,2.4087,2.2993,0.1111,191.8621,0.0012,2.4064
4-8,0.0001,2.4302,2.4302,6.1625,0.0000,3.7323,2.3799,2.4298,2.3251,0.1040,192.3793,0.0012,2.4241
4-9,0.0001,2.4441,2.4442,6.1700,0.0000,3.7258,2.3691,2.4438,2.3216,0.1215,192.8621,0.0012,2.4386
5-10,0.0001,2.4800,2.4800,6.1768,0.0000,3.6968,2.3695,2.4796,2.3584,0.1205,193.2069,0.0012,2.4730
5-11,0.0001,2.4868,2.4868,6.1667,0.0000,3.6798,2.3628,2.4862,2.3717,0.1140,196.5172,0.0011,2.4771
5-2,0.0001,2.5897,2.5897,6.1680,0.0000,3.5783,2.2910,2.5409,2.5451,0.0435,148.5862,0.0008,2.5799
5-3,0.0000,2.7371,2.7371,6.1726,0.0000,3.4354,2.3885,2.7346,2.6510,0.0851,208.6207,0.0011,2.7251
5-4,0.0000,2.5587,2.5588,6.1646,0.0000,3.6058,2.3954,2.5515,2.4553,0.1024,199.3103,0.0011,2.5519
5-5,0.0000,2.4870,2.4870,6.1732,0.0000,3.6862,2.3820,2.4853,2.3966,0.0893,195.0690,0.0011,2.4812
5-6,0.0000,2.4535,2.4535,6.1618,0.0000,3.7083,2.3779,2.4531,2.3472,0.1052,192.7586,0.0012,2.4478
5-7,0.0001,2.4355,2.4356,6.1730,0.0000,3.7375,2.3859,2.4348,2.3174,0.1171,192.2414,0.0012,2.4300
5-8,0.0001,2.4587,2.4588,6.1722,0.0000,3.7134,2.3767,2.4583,2.3562,0.1015,192.4828,0.0012,2.4531
5-9,0.0001,2.4695,2.4695,6.1672,0.0000,3.6977,2.3713,2.4691,2.3672,0.1012,192.9310,0.0012,2.4622
6-10,0.0001,2.5064,2.5064,6.1771,0.0000,3.6706,2.3687,2.5060,2.3893,0.1161,194.0690,0.0011,2.4993
6-11,0.0001,2.5007,2.5008,6.1618,0.0000,3.6610,2.3565,2.5003,2.3917,0.1079,196.1034,0.0011,2.4911
6-2,0.0001,2.5590,2.5591,6.1620,0.0000,3.6030,2.2780,2.4598,2.5174,0.0405,148.0345,0.0008,2.5509
6-3,0.0000,2.7113,2.7113,6.1752,0.0000,3.4639,2.3851,2.7109,2.6243,0.0859,207.1034,0.0011,2.7012
6-4,0.0000,2.5527,2.5527,6.1643,0.0000,3.6116,2.3882,2.5514,2.4568,0.0948,198.7241,0.0012,2.5453
6-5,0.0001,2.4912,2.4912,6.1575,0.0000,3.6663,2.3740,2.4903,2.4043,0.0858,194.6897,0.0012,2.4851
6-6,0.0001,2.4590,2.4591,6.1702,0.0000,3.7111,2.3771,2.4587,2.3557,0.1024,192.5517,0.0012,2.4532
6-7,0.0001,2.4445,2.4445,6.1719,0.0000,3.7273,2.3790,2.4441,2.3332,0.1102,191.8966,0.0012,2.4390
6-8,0.0001,2.4704,2.4704,6.1720,0.0000,3.7016,2.3815,2.4700,2.3643,0.1050,192.7931,0.0012,2.4643
6-9,0.0001,2.4866,2.4866,6.1743,0.0000,3.6876,2.3710,2.4862,2.3774,0.1081,193.2759,0.0012,2.4786
