view,prog,zone,start_ms,end_ms,busy_mean_ms,busy_max_ms
0,pfwc,pfwc,0.0008,1.9272,1.7536,1.9262
1,pfwc,pfwc,0.0008,1.6919,1.6532,1.6910
2,pfwc,pfwc,0.0008,1.7077,1.6540,1.7068
3,pfwc,pfwc,0.0008,1.7054,1.6559,1.7045
4,pfwc,pfwc,0.0008,1.7188,1.6602,1.7180
5,pfwc,pfwc,0.0008,1.7419,1.6681,1.7410
6,pfwc,pfwc,0.0008,1.7946,1.6888,1.7936
7,pfwc,pfwc,0.0008,1.8398,1.7181,1.8390
8,pfwc,pfwc,0.0008,1.9407,1.7719,1.9397
9,pfwc,pfwc,0.0008,1.9722,1.7967,1.9714
10,pfwc,pfwc,0.0008,1.9906,1.8199,1.9898
11,pfwc,pfwc,0.0008,1.9810,1.8024,1.9802
12,pfwc,pfwc,0.0008,1.9395,1.7840,1.9386
13,pfwc,pfwc,0.0008,1.9280,1.7672,1.9270
14,pfwc,pfwc,0.0008,1.8884,1.7427,1.8874
15,pfwc,pfwc,0.0008,1.8584,1.7279,1.8575
16,pfwc,pfwc,0.0008,1.8419,1.7207,1.8411
17,pfwc,pfwc,0.0008,1.8401,1.7179,1.8393
18,pfwc,pfwc,0.0008,1.8752,1.7306,1.8742
19,pfwc,pfwc,0.0008,1.8705,1.7375,1.8697
20,pfwc,pfwc,0.0008,1.8884,1.7409,1.8876
21,pfwc,pfwc,0.0008,1.8976,1.7444,1.8968
22,pfwc,pfwc,0.0008,1.8935,1.7385,1.8926
23,pfwc,pfwc,0.0008,1.8561,1.7200,1.8553
24,pfwc,pfwc,0.0008,1.8163,1.7007,1.8155
25,pfwc,pfwc,0.0008,1.7562,1.6753,1.7553
26,pfwc,pfwc,0.0008,1.7386,1.6640,1.7378
27,pfwc,pfwc,0.0008,1.7058,1.6571,1.7049
28,pfwc,pfwc,0.0008,1.7056,1.6544,1.7047
29,pfwc,pfwc,0.0008,1.6967,1.6535,1.6958
0,k2,k2_pairs,2.0134,2.9129,0.8250,0.8769
1,k2,k2_pairs,1.7648,2.3912,0.5842,0.6127
2,k2,k2_pairs,1.7659,2.4234,0.6048,0.6423
3,k2,k2_pairs,1.7705,2.4615,0.6344,0.6707
4,k2,k2_pairs,1.7805,2.5102,0.6702,0.7092
5,k2,k2_pairs,1.8083,2.5687,0.7141,0.7483
6,k2,k2_pairs,1.8730,2.7000,0.7704,0.8086
7,k2,k2_pairs,1.9215,2.8197,0.8254,0.8818
8,k2,k2_pairs,2.0290,2.9868,0.8782,0.9411
9,k2,k2_pairs,2.0600,3.0555,0.9059,0.9816
10,k2,k2_pairs,2.0807,3.0920,0.9164,0.9948
11,k2,k2_pairs,2.0690,3.0700,0.9114,0.9863
12,k2,k2_pairs,2.0214,2.9969,0.8867,0.9590
13,k2,k2_pairs,2.0112,2.9578,0.8544,0.9273
14,k2,k2_pairs,1.9694,2.8866,0.8245,0.8993
15,k2,k2_pairs,1.9369,2.8206,0.8020,0.8673
16,k2,k2_pairs,1.9165,2.7718,0.7849,0.8354
17,k2,k2_pairs,1.9151,2.7541,0.7739,0.8190
18,k2,k2_pairs,1.9552,2.7939,0.7726,0.8184
19,k2,k2_pairs,1.9489,2.7944,0.7775,0.8296
20,k2,k2_pairs,1.9605,2.8029,0.7754,0.8262
21,k2,k2_pairs,1.9593,2.7908,0.7720,0.8158
22,k2,k2_pairs,1.9552,2.7762,0.7605,0.8054
23,k2,k2_pairs,1.9164,2.7022,0.7365,0.7758
24,k2,k2_pairs,1.8741,2.6282,0.7040,0.7465
25,k2,k2_pairs,1.8284,2.5269,0.6546,0.6921
26,k2,k2_pairs,1.7919,2.4486,0.6134,0.6521
27,k2,k2_pairs,1.7742,2.4029,0.5859,0.6213
28,k2,k2_pairs,1.7675,2.3840,0.5705,0.6069
29,k2,k2_pairs,1.7654,2.3798,0.5714,0.6042
0,k2,k2_rows,2.5115,2.9186,0.0057,0.0057
1,k2,k2_rows,2.0973,2.3969,0.0057,0.0057
2,k2,k2_rows,2.1194,2.4290,0.0057,0.0057
3,k2,k2_rows,2.1515,2.4672,0.0057,0.0057
4,k2,k2_rows,2.1943,2.5159,0.0057,0.0057
5,k2,k2_rows,2.2539,2.5744,0.0057,0.0057
6,k2,k2_rows,2.3609,2.7057,0.0057,0.0057
7,k2,k2_rows,2.4517,2.8254,0.0057,0.0057
8,k2,k2_rows,2.5983,2.9925,0.0057,0.0057
9,k2,k2_rows,2.6483,3.0612,0.0057,0.0057
10,k2,k2_rows,2.6690,3.0976,0.0057,0.0057
11,k2,k2_rows,2.6586,3.0756,0.0057,0.0057
12,k2,k2_rows,2.5858,3.0026,0.0057,0.0057
13,k2,k2_rows,2.5565,2.9634,0.0057,0.0057
14,k2,k2_rows,2.4901,2.8923,0.0057,0.0057
15,k2,k2_rows,2.4331,2.8263,0.0057,0.0057
16,k2,k2_rows,2.3942,2.7775,0.0057,0.0057
17,k2,k2_rows,2.3775,2.7597,0.0057,0.0057
18,k2,k2_rows,2.4072,2.7995,0.0057,0.0057
19,k2,k2_rows,2.3946,2.8000,0.0057,0.0057
20,k2,k2_rows,2.3955,2.8086,0.0057,0.0057
21,k2,k2_rows,2.3848,2.7965,0.0057,0.0057
22,k2,k2_rows,2.3700,2.7818,0.0057,0.0057
23,k2,k2_rows,2.3156,2.7079,0.0057,0.0057
24,k2,k2_rows,2.2606,2.6338,0.0057,0.0057
25,k2,k2_rows,2.1829,2.5326,0.0057,0.0057
26,k2,k2_rows,2.1251,2.4542,0.0057,0.0057
27,k2,k2_rows,2.0896,2.4086,0.0057,0.0057
28,k2,k2_rows,2.0839,2.3897,0.0057,0.0057
29,k2,k2_rows,2.0886,2.3855,0.0057,0.0057
0,sort,sort_ol_prefix,2.9341,3.0163,0.0403,0.0816
1,sort,sort_ol_prefix,2.4125,2.4909,0.0380,0.0777
2,sort,sort_ol_prefix,2.4445,2.5234,0.0380,0.0777
3,sort,sort_ol_prefix,2.4827,2.5617,0.0388,0.0781
4,sort,sort_ol_prefix,2.5313,2.6114,0.0386,0.0788
5,sort,sort_ol_prefix,2.5900,2.6727,0.0398,0.0815
6,sort,sort_ol_prefix,2.7211,2.8035,0.0406,0.0819
7,sort,sort_ol_prefix,2.8410,2.9246,0.0403,0.0826
8,sort,sort_ol_prefix,3.0079,3.0922,0.0412,0.0832
9,sort,sort_ol_prefix,3.0768,3.1643,0.0417,0.0864
10,sort,sort_ol_prefix,3.1131,3.2015,0.0421,0.0872
11,sort,sort_ol_prefix,3.0912,3.1768,0.0420,0.0848
12,sort,sort_ol_prefix,3.0180,3.1040,0.0416,0.0848
13,sort,sort_ol_prefix,2.9790,3.0640,0.0413,0.0844
14,sort,sort_ol_prefix,2.9078,2.9947,0.0419,0.0858
15,sort,sort_ol_prefix,2.8420,2.9252,0.0406,0.0820
16,sort,sort_ol_prefix,2.7930,2.8785,0.0408,0.0843
17,sort,sort_ol_prefix,2.7753,2.8608,0.0409,0.0844
18,sort,sort_ol_prefix,2.8150,2.8994,0.0405,0.0832
19,sort,sort_ol_prefix,2.8157,2.9009,0.0407,0.0840
20,sort,sort_ol_prefix,2.8241,2.9075,0.0404,0.0822
21,sort,sort_ol_prefix,2.8121,2.8946,0.0401,0.0815
22,sort,sort_ol_prefix,2.7975,2.8798,0.0402,0.0812
23,sort,sort_ol_prefix,2.7235,2.8071,0.0403,0.0825
24,sort,sort_ol_prefix,2.6494,2.7304,0.0392,0.0798
25,sort,sort_ol_prefix,2.5484,2.6283,0.0390,0.0787
26,sort,sort_ol_prefix,2.4698,2.5495,0.0384,0.0793
27,sort,sort_ol_prefix,2.4242,2.5021,0.0382,0.0769
28,sort,sort_ol_prefix,2.4052,2.4842,0.0383,0.0777
29,sort,sort_ol_prefix,2.4011,2.4793,0.0380,0.0777
0,sort,sort_ol_barrier,2.9342,3.0883,0.0789,0.0998
1,sort,sort_ol_barrier,2.4126,2.5393,0.0628,0.0818
2,sort,sort_ol_barrier,2.4446,2.5732,0.0642,0.0821
3,sort,sort_ol_barrier,2.4828,2.6150,0.0655,0.0823
4,sort,sort_ol_barrier,2.5314,2.6675,0.0680,0.0833
5,sort,sort_ol_barrier,2.5901,2.7322,0.0713,0.0860
6,sort,sort_ol_barrier,2.7212,2.8689,0.0748,0.0934
7,sort,sort_ol_barrier,2.8411,2.9925,0.0792,0.0995
8,sort,sort_ol_barrier,3.0080,3.1675,0.0838,0.1074
9,sort,sort_ol_barrier,3.0769,3.2407,0.0862,0.1083
10,sort,sort_ol_barrier,3.1132,3.2801,0.0871,0.1097
11,sort,sort_ol_barrier,3.0913,3.2560,0.0872,0.1090
12,sort,sort_ol_barrier,3.0181,3.1799,0.0845,0.1078
13,sort,sort_ol_barrier,2.9791,3.1388,0.0815,0.1007
14,sort,sort_ol_barrier,2.9079,3.0645,0.0795,0.0990
15,sort,sort_ol_barrier,2.8421,2.9939,0.0775,0.0991
16,sort,sort_ol_barrier,2.7931,2.9427,0.0767,0.0935
17,sort,sort_ol_barrier,2.7753,2.9259,0.0759,0.0945
18,sort,sort_ol_barrier,2.8151,2.9629,0.0754,0.0929
19,sort,sort_ol_barrier,2.8158,2.9658,0.0759,0.0933
20,sort,sort_ol_barrier,2.8241,2.9740,0.0752,0.0945
21,sort,sort_ol_barrier,2.8122,2.9600,0.0750,0.0925
22,sort,sort_ol_barrier,2.7976,2.9445,0.0743,0.0914
23,sort,sort_ol_barrier,2.7236,2.8695,0.0731,0.0898
24,sort,sort_ol_barrier,2.6494,2.7900,0.0705,0.0871
25,sort,sort_ol_barrier,2.5485,2.6829,0.0671,0.0833
26,sort,sort_ol_barrier,2.4700,2.6002,0.0651,0.0845
27,sort,sort_ol_barrier,2.4243,2.5502,0.0628,0.0813
28,sort,sort_ol_barrier,2.4053,2.5313,0.0624,0.0828
29,sort,sort_ol_barrier,2.4011,2.5262,0.0621,0.0815
0,sort,sort_ol_fillb,2.9344,3.0883,0.0775,0.0994
1,sort,sort_ol_fillb,2.4130,2.5392,0.0544,0.0704
2,sort,sort_ol_fillb,2.4449,2.5731,0.0568,0.0726
3,sort,sort_ol_fillb,2.4831,2.6149,0.0589,0.0771
4,sort,sort_ol_fillb,2.5317,2.6674,0.0628,0.0804
5,sort,sort_ol_fillb,2.5904,2.7321,0.0667,0.0848
6,sort,sort_ol_fillb,2.7215,2.8689,0.0727,0.0909
7,sort,sort_ol_fillb,2.8415,2.9924,0.0779,0.0991
8,sort,sort_ol_fillb,3.0083,3.1674,0.0828,0.1070
9,sort,sort_ol_fillb,3.0772,3.2407,0.0848,0.1073
10,sort,sort_ol_fillb,3.1135,3.2800,0.0858,0.1093
11,sort,sort_ol_fillb,3.0916,3.2559,0.0865,0.1086
12,sort,sort_ol_fillb,3.0184,3.1799,0.0832,0.1067
13,sort,sort_ol_fillb,2.9794,3.1388,0.0800,0.0992
14,sort,sort_ol_fillb,2.9082,3.0645,0.0772,0.0988
15,sort,sort_ol_fillb,2.8423,2.9938,0.0762,0.0986
16,sort,sort_ol_fillb,2.7933,2.9426,0.0733,0.0924
17,sort,sort_ol_fillb,2.7757,2.9258,0.0726,0.0942
18,sort,sort_ol_fillb,2.8154,2.9628,0.0724,0.0912
19,sort,sort_ol_fillb,2.8161,2.9658,0.0729,0.0929
20,sort,sort_ol_fillb,2.8244,2.9739,0.0728,0.0909
21,sort,sort_ol_fillb,2.8125,2.9599,0.0725,0.0921
22,sort,sort_ol_fillb,2.7979,2.9444,0.0716,0.0911
23,sort,sort_ol_fillb,2.7239,2.8694,0.0694,0.0894
24,sort,sort_ol_fillb,2.6497,2.7899,0.0662,0.0860
25,sort,sort_ol_fillb,2.5488,2.6829,0.0615,0.0777
26,sort,sort_ol_fillb,2.4703,2.6001,0.0576,0.0738
27,sort,sort_ol_fillb,2.4246,2.5502,0.0555,0.0714
28,sort,sort_ol_fillb,2.4056,2.5312,0.0538,0.0706
29,sort,sort_ol_fillb,2.4015,2.5261,0.0535,0.0714
0,sort,sort_ol_fill,2.9360,3.0699,0.0875,0.1039
1,sort,sort_ol_fill,2.4144,2.5136,0.0630,0.0776
2,sort,sort_ol_fill,2.4463,2.5482,0.0646,0.0786
3,sort,sort_ol_fill,2.4845,2.5899,0.0674,0.0858
4,sort,sort_ol_fill,2.5332,2.6458,0.0709,0.0867
5,sort,sort_ol_fill,2.5919,2.7096,0.0758,0.0998
6,sort,sort_ol_fill,2.7230,2.8504,0.0815,0.0969
7,sort,sort_ol_fill,2.8428,2.9782,0.0877,0.1064
8,sort,sort_ol_fill,3.0098,3.1528,0.0935,0.1145
9,sort,sort_ol_fill,3.0787,3.2276,0.0963,0.1208
10,sort,sort_ol_fill,3.1150,3.2636,0.0957,0.1208
11,sort,sort_ol_fill,3.0931,3.2408,0.0961,0.1164
12,sort,sort_ol_fill,3.0201,3.1629,0.0938,0.1184
13,sort,sort_ol_fill,2.9808,3.1185,0.0905,0.1069
14,sort,sort_ol_fill,2.9097,3.0455,0.0872,0.1105
15,sort,sort_ol_fill,2.8438,2.9755,0.0852,0.1076
16,sort,sort_ol_fill,2.7946,2.9237,0.0832,0.1033
17,sort,sort_ol_fill,2.7773,2.9047,0.0822,0.1045
18,sort,sort_ol_fill,2.8168,2.9447,0.0816,0.1061
19,sort,sort_ol_fill,2.8176,2.9442,0.0821,0.0990
20,sort,sort_ol_fill,2.8260,2.9520,0.0819,0.0976
21,sort,sort_ol_fill,2.8140,2.9417,0.0823,0.1069
22,sort,sort_ol_fill,2.7995,2.9234,0.0812,0.0994
23,sort,sort_ol_fill,2.7256,2.8476,0.0784,0.1012
24,sort,sort_ol_fill,2.6512,2.7684,0.0755,0.0959
25,sort,sort_ol_fill,2.5504,2.6594,0.0699,0.0909
26,sort,sort_ol_fill,2.4717,2.5766,0.0668,0.0785
27,sort,sort_ol_fill,2.4259,2.5257,0.0637,0.0811
28,sort,sort_ol_fill,2.4072,2.5040,0.0621,0.0790
29,sort,sort_ol_fill,2.4030,2.4989,0.0608,0.0734
0,sort,sort_ol_emit,3.0306,4.4166,1.2881,1.3548
1,sort,sort_ol_emit,2.5057,3.5523,0.9664,1.0448
2,sort,sort_ol_emit,2.5382,3.6337,0.9993,1.0559
3,sort,sort_ol_emit,2.5764,3.6965,1.0331,1.1185
4,sort,sort_ol_emit,2.6261,3.8003,1.0815,1.1631
5,sort,sort_ol_emit,2.6876,3.9425,1.1464,1.2419
6,sort,sort_ol_emit,2.8181,4.1563,1.2266,1.3352
7,sort,sort_ol_emit,2.9384,4.3332,1.2952,1.3725
8,sort,sort_ol_emit,3.1069,4.5829,1.3631,1.4275
9,sort,sort_ol_emit,3.1785,4.6847,1.3953,1.4524
10,sort,sort_ol_emit,3.2158,4.7386,1.4074,1.4716
11,sort,sort_ol_emit,3.1915,4.7189,1.4068,1.4715
12,sort,sort_ol_emit,3.1183,4.6204,1.3770,1.4985
13,sort,sort_ol_emit,3.0784,4.5264,1.3262,1.3975
14,sort,sort_ol_emit,3.0090,4.4070,1.2854,1.3967
15,sort,sort_ol_emit,2.9394,4.3411,1.2570,1.3974
16,sort,sort_ol_emit,2.8930,4.2269,1.2372,1.3185
17,sort,sort_ol_emit,2.8754,4.1923,1.2196,1.2815
18,sort,sort_ol_emit,2.9141,4.2344,1.2165,1.2929
19,sort,sort_ol_emit,2.9160,4.2602,1.2231,1.3325
20,sort,sort_ol_emit,2.9223,4.2523,1.2207,1.3224
21,sort,sort_ol_emit,2.9094,4.2218,1.2194,1.2740
22,sort,sort_ol_emit,2.8945,4.2200,1.2129,1.3157
23,sort,sort_ol_emit,2.8221,4.0973,1.1733,1.2715
24,sort,sort_ol_emit,2.7454,3.9855,1.1324,1.2333
25,sort,sort_ol_emit,2.6430,3.7822,1.0615,1.1363
26,sort,sort_ol_emit,2.5642,3.6466,1.0072,1.0784
27,sort,sort_ol_emit,2.5167,3.5744,0.9682,1.0555
28,sort,sort_ol_emit,2.4987,3.5460,0.9510,1.0458
29,sort,sort_ol_emit,2.4941,3.5294,0.9508,1.0336
0,sort,sort_ol_town,3.0495,4.3497,1.1958,1.2695
1,sort,sort_ol_town,2.5235,3.4893,0.8658,0.9638
2,sort,sort_ol_town,2.5560,3.5714,0.8950,0.9799
3,sort,sort_ol_town,2.5942,3.6314,0.9330,1.0349
4,sort,sort_ol_town,2.6439,3.7326,0.9801,1.0869
5,sort,sort_ol_town,2.7054,3.8749,1.0430,1.1668
6,sort,sort_ol_town,2.8359,4.0905,1.1227,1.2512
7,sort,sort_ol_town,2.9569,4.2621,1.1940,1.3034
8,sort,sort_ol_town,3.1252,4.4904,1.2687,1.3550
9,sort,sort_ol_town,3.1977,4.6087,1.2989,1.4050
10,sort,sort_ol_town,3.2352,4.6694,1.3104,1.4326
11,sort,sort_ol_town,3.2110,4.6504,1.3102,1.4383
12,sort,sort_ol_town,3.1374,4.5527,1.2781,1.4148
13,sort,sort_ol_town,3.0961,4.4579,1.2254,1.3568
14,sort,sort_ol_town,3.0268,4.3397,1.1888,1.3100
15,sort,sort_ol_town,2.9577,4.2745,1.1599,1.3145
16,sort,sort_ol_town,2.9108,4.1526,1.1341,1.2380
17,sort,sort_ol_town,2.8932,4.1134,1.1174,1.2167
18,sort,sort_ol_town,2.9320,4.1684,1.1171,1.2331
19,sort,sort_ol_town,2.9338,4.1922,1.1259,1.2560
20,sort,sort_ol_town,2.9400,4.1881,1.1250,1.2447
21,sort,sort_ol_town,2.9274,4.1243,1.1218,1.1951
22,sort,sort_ol_town,2.9125,4.1570,1.1164,1.2418
23,sort,sort_ol_town,2.8401,4.0351,1.0780,1.1920
24,sort,sort_ol_town,2.7633,3.9242,1.0364,1.1579
25,sort,sort_ol_town,2.6609,3.7215,0.9602,1.0575
26,sort,sort_ol_town,2.5820,3.5845,0.9075,0.9999
27,sort,sort_ol_town,2.5345,3.5130,0.8695,0.9761
28,sort,sort_ol_town,2.5165,3.4822,0.8493,0.9643
29,sort,sort_ol_town,2.5119,3.4646,0.8484,0.9509
0,mat+blend,mat_cull_mask,4.4248,7.3636,2.4941,2.9385
1,mat+blend,mat_cull_mask,3.5824,6.2628,1.8711,2.6801
2,mat+blend,mat_cull_mask,3.6420,6.3391,1.9339,2.6968
3,mat+blend,mat_cull_mask,3.7047,6.5129,1.9955,2.8080
4,mat+blend,mat_cull_mask,3.8085,6.5957,2.0848,2.7870
5,mat+blend,mat_cull_mask,3.9507,6.6366,2.1949,2.6858
6,mat+blend,mat_cull_mask,4.1645,7.0649,2.3304,2.9001
7,mat+blend,mat_cull_mask,4.3414,7.2349,2.4918,2.8935
8,mat+blend,mat_cull_mask,4.5911,7.4625,2.6200,2.8713
9,mat+blend,mat_cull_mask,4.6929,7.6434,2.6857,2.9504
10,mat+blend,mat_cull_mask,4.7468,7.6818,2.7158,2.9348
11,mat+blend,mat_cull_mask,4.7271,7.6503,2.6831,2.9231
12,mat+blend,mat_cull_mask,4.6286,7.5329,2.6476,2.9041
13,mat+blend,mat_cull_mask,4.5346,7.4138,2.5092,2.8789
14,mat+blend,mat_cull_mask,4.4152,7.2897,2.4413,2.8742
15,mat+blend,mat_cull_mask,4.3493,7.1269,2.3683,2.7774
16,mat+blend,mat_cull_mask,4.2351,7.0833,2.3263,2.8479
17,mat+blend,mat_cull_mask,4.2005,7.0421,2.3023,2.8413
18,mat+blend,mat_cull_mask,4.2426,7.0723,2.3013,2.8295
19,mat+blend,mat_cull_mask,4.2684,7.1160,2.3540,2.8475
20,mat+blend,mat_cull_mask,4.2605,7.1169,2.3408,2.8561
21,mat+blend,mat_cull_mask,4.2300,7.1435,2.3456,2.9132
22,mat+blend,mat_cull_mask,4.2283,7.0534,2.3444,2.8249
23,mat+blend,mat_cull_mask,4.1055,6.9649,2.2718,2.8591
24,mat+blend,mat_cull_mask,3.9937,6.7857,2.1970,2.7917
25,mat+blend,mat_cull_mask,3.7904,6.5949,2.0736,2.8042
26,mat+blend,mat_cull_mask,3.6548,6.3903,1.9739,2.7352
27,mat+blend,mat_cull_mask,3.5826,6.3085,1.9195,2.7257
28,mat+blend,mat_cull_mask,3.5541,6.2474,1.8840,2.6931
29,mat+blend,mat_cull_mask,3.5376,6.1472,1.8728,2.6093
0,mat+blend,sort_subchunk_mat,4.4249,7.3636,2.4941,2.9385
1,mat+blend,sort_subchunk_mat,3.5825,6.2629,1.8711,2.6802
2,mat+blend,sort_subchunk_mat,3.6421,6.3391,1.9339,2.6968
3,mat+blend,sort_subchunk_mat,3.7048,6.5130,1.9955,2.8080
4,mat+blend,sort_subchunk_mat,3.8086,6.5957,2.0848,2.7870
5,mat+blend,sort_subchunk_mat,3.9508,6.6366,2.1948,2.6857
6,mat+blend,sort_subchunk_mat,4.1646,7.0649,2.3304,2.9001
7,mat+blend,sort_subchunk_mat,4.3415,7.2350,2.4918,2.8935
8,mat+blend,sort_subchunk_mat,4.5912,7.4625,2.6200,2.8713
9,mat+blend,sort_subchunk_mat,4.6930,7.6435,2.6857,2.9504
10,mat+blend,sort_subchunk_mat,4.7469,7.6818,2.7158,2.9348
11,mat+blend,sort_subchunk_mat,4.7273,7.6504,2.6831,2.9231
12,mat+blend,sort_subchunk_mat,4.6287,7.5330,2.6476,2.9042
13,mat+blend,sort_subchunk_mat,4.5347,7.4138,2.5092,2.8789
14,mat+blend,sort_subchunk_mat,4.4153,7.2897,2.4413,2.8742
15,mat+blend,sort_subchunk_mat,4.3494,7.1269,2.3683,2.7774
16,mat+blend,sort_subchunk_mat,4.2352,7.0833,2.3263,2.8480
17,mat+blend,sort_subchunk_mat,4.2007,7.0422,2.3023,2.8414
18,mat+blend,sort_subchunk_mat,4.2427,7.0723,2.3013,2.8295
19,mat+blend,sort_subchunk_mat,4.2685,7.1160,2.3540,2.8475
20,mat+blend,sort_subchunk_mat,4.2606,7.1169,2.3408,2.8561
21,mat+blend,sort_subchunk_mat,4.2301,7.1435,2.3457,2.9133
22,mat+blend,sort_subchunk_mat,4.2284,7.0535,2.3444,2.8249
23,mat+blend,sort_subchunk_mat,4.1056,6.9649,2.2718,2.8591
24,mat+blend,sort_subchunk_mat,3.9938,6.7857,2.1970,2.7917
25,mat+blend,sort_subchunk_mat,3.7905,6.5949,2.0736,2.8042
26,mat+blend,sort_subchunk_mat,3.6549,6.3903,1.9739,2.7352
27,mat+blend,sort_subchunk_mat,3.5827,6.3085,1.9195,2.7257
28,mat+blend,sort_subchunk_mat,3.5542,6.2475,1.8840,2.6931
29,mat+blend,sort_subchunk_mat,3.5377,6.1472,1.8728,2.6093
0,mat+blend,tile_blend_load,6.6529,10.8775,3.8858,4.1585
1,mat+blend,tile_blend_load,5.0961,8.5865,3.0768,3.4824
2,mat+blend,tile_blend_load,5.2247,8.8001,3.1573,3.5134
3,mat+blend,tile_blend_load,5.3743,9.0344,3.2508,3.6160
4,mat+blend,tile_blend_load,5.5261,9.3237,3.3752,3.7209
5,mat+blend,tile_blend_load,5.6718,9.7892,3.5257,3.9563
6,mat+blend,tile_blend_load,6.1708,10.2599,3.7010,4.0134
7,mat+blend,tile_blend_load,6.0957,10.8283,3.9249,4.6497
8,mat+blend,tile_blend_load,6.3601,11.4293,4.1070,4.9728
9,mat+blend,tile_blend_load,6.4808,11.6966,4.2323,5.0924
10,mat+blend,tile_blend_load,6.6265,11.8405,4.2851,5.0762
11,mat+blend,tile_blend_load,6.5266,11.7083,4.2385,5.0920
12,mat+blend,tile_blend_load,6.4038,11.5026,4.1399,5.0680
13,mat+blend,tile_blend_load,6.4420,11.1500,4.0104,4.6090
14,mat+blend,tile_blend_load,6.4716,10.8695,3.8878,4.2731
15,mat+blend,tile_blend_load,6.2533,10.5920,3.7993,4.2644
16,mat+blend,tile_blend_load,6.1930,10.3446,3.7257,4.1047
17,mat+blend,tile_blend_load,5.9912,10.2510,3.6772,4.1922
18,mat+blend,tile_blend_load,6.2293,10.2845,3.6623,3.9516
19,mat+blend,tile_blend_load,6.0194,10.3716,3.6716,4.2896
20,mat+blend,tile_blend_load,6.2234,10.3283,3.6648,4.0192
21,mat+blend,tile_blend_load,6.3024,10.2716,3.6490,3.9371
22,mat+blend,tile_blend_load,6.3134,10.2092,3.5949,3.8508
23,mat+blend,tile_blend_load,5.9192,9.9207,3.5011,3.9536
24,mat+blend,tile_blend_load,5.9057,9.6224,3.3866,3.6978
25,mat+blend,tile_blend_load,5.5384,9.1152,3.2109,3.5682
26,mat+blend,tile_blend_load,5.2682,8.7686,3.1002,3.4432
27,mat+blend,tile_blend_load,5.1312,8.5561,3.0068,3.4065
28,mat+blend,tile_blend_load,5.0478,8.4768,2.9929,3.4033
29,mat+blend,tile_blend_load,5.0277,8.4931,3.0310,3.4344
0,mat+blend,tile_blend_sfpu,6.6527,10.9203,3.9504,4.2405
1,mat+blend,tile_blend_sfpu,5.0959,8.6461,3.1347,3.5286
2,mat+blend,tile_blend_sfpu,5.2245,8.8593,3.2200,3.5902
3,mat+blend,tile_blend_sfpu,5.3742,9.0802,3.3188,3.6780
4,mat+blend,tile_blend_sfpu,5.5259,9.4109,3.4452,3.8040
5,mat+blend,tile_blend_sfpu,5.6986,9.8797,3.6031,4.0287
6,mat+blend,tile_blend_sfpu,6.1706,10.4100,3.7896,4.0831
7,mat+blend,tile_blend_sfpu,6.3192,10.9812,4.0186,4.4861
8,mat+blend,tile_blend_sfpu,6.6869,11.5586,4.1971,4.7302
9,mat+blend,tile_blend_sfpu,6.8495,11.8356,4.3210,4.9303
10,mat+blend,tile_blend_sfpu,6.9303,11.9947,4.3752,4.8742
11,mat+blend,tile_blend_sfpu,6.8618,11.8729,4.3288,4.9440
12,mat+blend,tile_blend_sfpu,6.7558,11.6422,4.2216,4.8431
13,mat+blend,tile_blend_sfpu,6.5721,11.2743,4.0930,4.5703
14,mat+blend,tile_blend_sfpu,6.4714,10.9547,3.9623,4.3281
15,mat+blend,tile_blend_sfpu,6.2620,10.6809,3.8691,4.3090
16,mat+blend,tile_blend_sfpu,6.1929,10.4138,3.7900,4.1479
17,mat+blend,tile_blend_sfpu,6.0388,10.3084,3.7393,4.2139
18,mat+blend,tile_blend_sfpu,6.2291,10.3279,3.7218,4.0126
19,mat+blend,tile_blend_sfpu,6.1601,10.4549,3.7253,4.1943
20,mat+blend,tile_blend_sfpu,6.2233,10.3867,3.7153,4.0757
21,mat+blend,tile_blend_sfpu,6.3022,10.3100,3.6985,3.9902
22,mat+blend,tile_blend_sfpu,6.3133,10.2475,3.6438,3.9012
23,mat+blend,tile_blend_sfpu,5.9191,9.9566,3.5488,4.0022
24,mat+blend,tile_blend_sfpu,5.9056,9.6573,3.4346,3.7298
25,mat+blend,tile_blend_sfpu,5.5503,9.1519,3.2567,3.5874
26,mat+blend,tile_blend_sfpu,5.2680,8.8176,3.1443,3.5014
27,mat+blend,tile_blend_sfpu,5.1310,8.5925,3.0545,3.4443
28,mat+blend,tile_blend_sfpu,5.0477,8.5224,3.0413,3.4465
29,mat+blend,tile_blend_sfpu,5.0276,8.5430,3.0831,3.4715
0,mat+blend,rd_l1_bulk,6.7672,10.7683,0.0524,1.2161
1,mat+blend,rd_l1_bulk,5.2679,8.4952,0.0353,1.0536
2,mat+blend,rd_l1_bulk,5.4063,8.6946,0.0463,1.1862
3,mat+blend,rd_l1_bulk,5.5275,8.9143,0.0448,1.1919
4,mat+blend,rd_l1_bulk,5.7275,9.2246,0.0556,1.2474
5,mat+blend,rd_l1_bulk,5.9882,9.6263,0.0618,1.3289
6,mat+blend,rd_l1_bulk,6.3241,10.1509,0.0499,1.1518
7,mat+blend,rd_l1_bulk,6.7270,10.7001,0.0675,1.1871
8,mat+blend,rd_l1_bulk,7.0369,11.2561,0.0661,1.2846
9,mat+blend,rd_l1_bulk,7.1954,11.5582,0.0724,1.2150
10,mat+blend,rd_l1_bulk,7.2634,11.6858,0.0715,1.1012
11,mat+blend,rd_l1_bulk,7.2644,11.5918,0.0606,1.1673
12,mat+blend,rd_l1_bulk,7.1244,11.3509,0.0751,1.2442
13,mat+blend,rd_l1_bulk,6.8438,11.0083,0.0529,1.1315
14,mat+blend,rd_l1_bulk,6.7054,10.6939,0.0522,1.0676
15,mat+blend,rd_l1_bulk,6.5691,10.4637,0.0433,1.1585
16,mat+blend,rd_l1_bulk,6.4123,10.2428,0.0424,1.1224
17,mat+blend,rd_l1_bulk,6.3626,10.1434,0.0436,1.1331
18,mat+blend,rd_l1_bulk,6.3840,10.1676,0.0432,1.2052
19,mat+blend,rd_l1_bulk,6.4767,10.2534,0.0655,1.2818
20,mat+blend,rd_l1_bulk,6.4529,10.2328,0.0554,1.2099
21,mat+blend,rd_l1_bulk,6.3968,10.1908,0.0524,1.2318
22,mat+blend,rd_l1_bulk,6.4131,10.1387,0.0494,1.1675
23,mat+blend,rd_l1_bulk,6.2228,9.8489,0.0513,1.2870
24,mat+blend,rd_l1_bulk,6.0253,9.5529,0.0416,1.2889
25,mat+blend,rd_l1_bulk,5.7116,9.0459,0.0505,1.3386
26,mat+blend,rd_l1_bulk,5.4594,8.6987,0.0477,1.2063
27,mat+blend,rd_l1_bulk,5.3147,8.4811,0.0483,1.2705
28,mat+blend,rd_l1_bulk,5.2512,8.3998,0.0469,1.1245
29,mat+blend,rd_l1_bulk,5.2341,8.4105,0.0473,1.2023
