view,floor_inv,max,p99,p50,mean,pairs,tiles_over_32768,argmax
hero,255,22165,13858,1639,2649,2712823,0,584
hero,1024,23493,14912,1776,2878,2946753,0,584
hero,16384,25407,16360,1999,3233,3311036,0,584
orb_00,255,18619,13046,835,1896,1941267,0,560
orb_00,1024,19810,13765,908,2067,2116443,0,560
orb_00,16384,21473,15378,1041,2336,2392510,0,560
orb_01,255,18489,13253,940,1962,2009185,0,592
orb_01,1024,19715,14235,1033,2139,2190207,0,592
orb_01,16384,21397,15473,1169,2415,2473308,0,592
orb_02,255,18160,13608,1075,2050,2099517,0,624
orb_02,1024,19341,14461,1152,2231,2284658,0,624
orb_02,16384,21212,16024,1290,2513,2573586,0,624
orb_03,255,17186,13977,1178,2162,2213679,0,655
orb_03,1024,18338,15017,1270,2352,2408729,0,655
orb_03,16384,20108,16422,1418,2649,2712360,0,655
orb_04,255,19033,14008,1308,2302,2356883,0,654
orb_04,1024,20451,14983,1421,2502,2561550,0,654
orb_04,16384,22501,16231,1588,2814,2881115,0,654
orb_05,255,21606,13277,1499,2481,2540155,0,684
orb_05,1024,22853,14245,1626,2702,2766468,0,684
orb_05,16384,24585,15577,1820,3046,3119241,0,684
orb_06,255,20391,14045,1694,2647,2710619,0,715
orb_06,1024,21737,14748,1829,2873,2942388,0,715
orb_06,16384,23668,16091,2044,3228,3305014,0,715
orb_07,255,19923,13939,1822,2814,2881726,0,713
orb_07,1024,21396,14857,1964,3057,3130744,0,713
orb_07,16384,23418,16581,2177,3439,3521157,0,713
orb_08,255,18547,14532,1955,2889,2958594,0,796
orb_08,1024,19562,15335,2120,3133,3207694,0,796
orb_08,16384,21042,17170,2381,3510,3594461,0,796
orb_09,255,18832,14424,2048,2921,2990759,0,794
orb_09,1024,19896,15428,2205,3164,3239655,0,794
orb_09,16384,21432,16776,2437,3544,3628786,0,794
orb_10,255,19105,14200,2001,2919,2988602,0,793
orb_10,1024,20030,14943,2152,3168,3243591,0,793
orb_10,16384,21379,16553,2410,3556,3641046,0,793
orb_11,255,19195,13391,1917,2839,2907647,0,705
orb_11,1024,20426,14285,2065,3085,3158690,0,705
orb_11,16384,22135,15659,2308,3465,3548255,0,705
orb_12,255,19952,13575,1757,2733,2798336,0,758
orb_12,1024,20883,14459,1905,2965,3036571,0,758
orb_12,16384,22224,15780,2147,3328,3407377,0,758
orb_13,255,20450,13037,1627,2640,2702922,0,725
orb_13,1024,21368,13918,1756,2866,2934946,0,725
orb_13,16384,22714,15250,1968,3218,3295416,0,725
orb_14,255,20420,12752,1613,2574,2635555,0,692
orb_14,1024,21537,13555,1745,2798,2865538,0,692
orb_14,16384,23253,14845,1946,3149,3224592,0,692
orb_15,255,18655,12595,1537,2520,2580623,0,660
orb_15,1024,19710,13575,1656,2741,2806735,0,660
orb_15,16384,21257,15094,1878,3084,3158082,0,660
orb_16,255,18885,12653,1484,2484,2543136,0,628
orb_16,1024,20076,13724,1605,2701,2766271,0,628
orb_16,16384,21696,14891,1803,3040,3112665,0,628
orb_17,255,17451,13086,1457,2482,2541489,0,596
orb_17,1024,18673,14399,1594,2699,2763267,0,596
orb_17,16384,20473,16080,1793,3034,3107003,0,596
orb_18,255,17227,13077,1460,2499,2558485,0,598
orb_18,1024,18204,14558,1573,2716,2781438,0,513
orb_18,16384,19885,16261,1754,3053,3126430,0,513
orb_19,255,17672,13268,1418,2493,2552563,0,567
orb_19,1024,18812,14734,1535,2711,2775721,0,483
orb_19,16384,20454,16899,1722,3048,3121572,0,483
orb_20,255,17909,12902,1387,2481,2540134,0,536
orb_20,1024,18834,13980,1503,2695,2759654,0,536
orb_20,16384,20301,15869,1703,3029,3101952,0,484
orb_21,255,21389,13150,1313,2450,2508864,0,454
orb_21,1024,22618,14208,1425,2663,2727420,0,454
orb_21,16384,24403,16078,1601,2994,3065654,0,454
orb_22,255,18037,12835,1208,2377,2434172,0,455
orb_22,1024,19116,13978,1314,2585,2646561,0,455
orb_22,16384,20710,15582,1469,2908,2977951,0,455
orb_23,255,19228,12862,944,2280,2334508,0,426
orb_23,1024,20655,14133,1021,2484,2543848,0,426
orb_23,16384,22539,15942,1175,2799,2866115,0,426
orb_24,255,17967,13007,855,2115,2166026,0,428
orb_24,1024,19456,14244,924,2305,2360121,0,428
orb_24,16384,21664,16088,1051,2601,2662924,0,428
orb_25,255,20709,12979,760,1987,2035086,0,461
orb_25,1024,21833,13929,828,2168,2219840,0,461
orb_25,16384,23606,15823,931,2447,2506201,0,461
orb_26,255,20444,12535,723,1904,1949388,0,463
orb_26,1024,21835,13521,785,2078,2127797,0,463
orb_26,16384,23822,15270,897,2351,2407366,0,463
orb_27,255,21091,12319,647,1858,1902600,0,495
orb_27,1024,22144,13708,706,2029,2077801,0,495
orb_27,16384,23969,15570,818,2296,2351423,0,496
orb_28,255,19943,12823,734,1858,1902784,0,528
orb_28,1024,21028,14011,804,2027,2075341,0,528
orb_28,16384,22695,15929,914,2290,2344989,0,528
