view,core_x,core_y,jobs,mat_ms,start_ms,between_ms,between_max_ms,tail_ms,injob_idle_ms,band_ms
0,1,2,8,2.9126,0.7724,1.0410,0.6425,0.0080,0.0102,1.0701
0,1,3,8,2.7846,0.7878,0.5946,0.1922,0.0074,0.0136,1.3667
0,1,4,8,2.4723,0.7454,0.4020,0.1497,0.0096,0.0127,1.2894
0,1,5,12,2.4261,0.7215,0.3844,0.1642,0.0030,0.0128,1.2911
0,1,6,12,2.3605,0.7089,0.3240,0.1703,0.0019,0.0128,1.2999
0,1,7,13,2.3413,0.6772,0.3349,0.1976,0.0025,0.0129,1.3008
0,1,8,13,2.3466,0.6392,0.3674,0.2243,0.0031,0.0129,1.3110
0,1,9,13,2.3539,0.5981,0.4377,0.2435,0.0025,0.0128,1.2896
0,1,10,9,2.6734,0.5646,0.7623,0.3959,0.0066,0.0132,1.3129
0,1,11,8,2.3966,0.5506,0.4623,0.2651,0.0068,0.0130,1.3503
0,2,2,8,2.9188,0.7662,1.0621,0.6453,0.0080,0.0101,1.0617
0,2,3,9,2.6955,0.7778,0.5361,0.1369,0.0122,0.0133,1.3426
0,2,4,8,2.4715,0.7506,0.4151,0.1576,0.0125,0.0125,1.2674
0,2,5,11,2.4042,0.7194,0.3657,0.1625,0.0018,0.0127,1.2914
0,2,6,12,2.3707,0.7064,0.3363,0.1729,0.0034,0.0128,1.2988
0,2,7,11,2.3318,0.6728,0.3384,0.2023,0.0031,0.0125,1.2920
0,2,8,13,2.3575,0.6299,0.3879,0.2182,0.0036,0.0129,1.3102
0,2,9,13,2.3435,0.5774,0.4363,0.2400,0.0030,0.0128,1.3009
0,2,10,9,2.6510,0.5450,0.7554,0.3944,0.0054,0.0131,1.3182
0,2,11,8,2.4163,0.5460,0.4823,0.2712,0.0075,0.0129,1.3541
0,3,2,7,2.7978,0.7647,1.0087,0.5992,0.0063,0.0093,0.9988
0,3,3,8,2.6903,0.7848,0.5389,0.1392,0.0098,0.0130,1.3298
0,3,4,9,2.4818,0.7439,0.4218,0.1633,0.0155,0.0126,1.2748
0,3,5,11,2.4220,0.7143,0.3793,0.1662,0.0046,0.0127,1.2978
0,3,6,11,2.3491,0.6982,0.3289,0.1744,0.0018,0.0127,1.2946
0,3,7,11,2.3409,0.6511,0.3608,0.2117,0.0028,0.0128,1.3002
0,3,8,12,2.3464,0.6073,0.4194,0.2306,0.0029,0.0126,1.2911
0,3,9,13,2.3627,0.5680,0.4531,0.2578,0.0029,0.0130,1.3124
0,3,10,9,2.6727,0.5320,0.7818,0.3991,0.0119,0.0131,1.3199
0,3,11,8,2.3963,0.5257,0.4704,0.2642,0.0027,0.0130,1.3709
0,4,2,7,2.7953,0.7595,0.9318,0.5375,0.0081,0.0101,1.0752
0,4,3,8,2.6737,0.7777,0.5362,0.1448,0.0070,0.0131,1.3258
0,4,4,9,2.4671,0.7319,0.4319,0.1672,0.0117,0.0125,1.2658
0,4,5,11,2.4068,0.6959,0.3732,0.1640,0.0033,0.0127,1.3085
0,4,6,11,2.3449,0.6758,0.3388,0.1722,0.0016,0.0127,1.3030
0,4,7,12,2.3365,0.6239,0.3725,0.2095,0.0027,0.0129,1.3114
0,4,8,13,2.3569,0.5899,0.4331,0.2191,0.0036,0.0128,1.3042
0,4,9,13,2.3779,0.5515,0.4804,0.2442,0.0031,0.0130,1.3166
0,4,10,9,2.6516,0.5141,0.7718,0.3926,0.0057,0.0131,1.3332
0,4,11,8,2.3890,0.5245,0.4740,0.2702,0.0068,0.0130,1.3566
0,5,2,7,2.7953,0.7523,0.9436,0.5418,0.0080,0.0101,1.0706
0,5,3,8,2.6736,0.7533,0.5645,0.1557,0.0085,0.0130,1.3205
0,5,4,9,2.4673,0.7009,0.4633,0.1672,0.0113,0.0126,1.2661
0,5,5,11,2.3981,0.6712,0.3839,0.1737,0.0029,0.0127,1.3143
0,5,6,11,2.4177,0.6539,0.4313,0.1844,0.0018,0.0128,1.3048
0,5,7,12,2.3726,0.6031,0.4196,0.2070,0.0029,0.0129,1.3209
0,5,8,12,2.3804,0.5689,0.4825,0.2244,0.0030,0.0128,1.3002
0,5,9,13,2.3799,0.5352,0.5099,0.2456,0.0030,0.0130,1.3057
0,5,10,8,2.4536,0.5080,0.5133,0.2679,0.0071,0.0130,1.3983
0,5,11,8,2.4009,0.5067,0.5063,0.2993,0.0074,0.0130,1.3536
0,6,2,7,2.6752,0.7205,0.8414,0.4151,0.0151,0.0102,1.0773
0,6,3,8,2.6538,0.7321,0.5640,0.1485,0.0062,0.0130,1.3248
0,6,4,9,2.4549,0.6849,0.4755,0.1733,0.0058,0.0125,1.2631
0,6,5,10,2.4027,0.6453,0.4374,0.1934,0.0028,0.0126,1.2914
0,6,6,11,2.4436,0.6282,0.4868,0.1972,0.0034,0.0127,1.2994
0,6,7,12,2.3833,0.5931,0.4384,0.2205,0.0028,0.0129,1.3230
0,6,8,12,2.3947,0.5607,0.4975,0.2244,0.0031,0.0128,1.3076
0,6,9,13,2.4186,0.5277,0.5607,0.2492,0.0029,0.0129,1.3014
0,6,10,8,2.5037,0.5045,0.5610,0.2691,0.0177,0.0130,1.3935
0,6,11,8,2.4097,0.4926,0.4790,0.2942,0.0070,0.0130,1.4042
0,7,2,7,2.6798,0.7169,0.8614,0.4297,0.0089,0.0102,1.0716
0,7,3,8,2.6552,0.7070,0.5979,0.1606,0.0067,0.0129,1.3167
0,7,4,10,2.5260,0.6563,0.5678,0.1788,0.0054,0.0126,1.2709
0,7,5,11,2.4260,0.6331,0.4580,0.1946,0.0034,0.0127,1.3057
0,7,6,11,2.4483,0.6084,0.4998,0.2059,0.0028,0.0127,1.3112
0,7,7,11,2.4904,0.5827,0.5839,0.2265,0.0069,0.0128,1.2911
0,7,8,13,2.4440,0.5654,0.5409,0.2356,0.0031,0.0128,1.3088
0,7,9,13,2.4527,0.5292,0.5946,0.2602,0.0033,0.0129,1.2997
0,7,10,8,2.5307,0.5064,0.6039,0.2920,0.0105,0.0130,1.3829
0,7,11,8,2.4272,0.4831,0.5044,0.2904,0.0088,0.0130,1.4042
0,11,2,7,2.5036,0.7183,0.8117,0.3832,0.0216,0.0086,0.9345
0,11,3,8,2.6646,0.6880,0.6160,0.1643,0.0068,0.0129,1.3272
0,11,4,10,2.5038,0.6448,0.5584,0.1894,0.0051,0.0125,1.2704
0,11,5,10,2.4270,0.6232,0.4848,0.2002,0.0031,0.0125,1.2902
0,11,6,11,2.4478,0.6099,0.5033,0.2188,0.0052,0.0126,1.3037
0,11,7,11,2.4954,0.5842,0.5894,0.2271,0.0074,0.0127,1.2885
0,11,8,13,2.4482,0.5493,0.5679,0.2442,0.0026,0.0128,1.3027
0,11,9,13,2.4627,0.5229,0.6128,0.2744,0.0040,0.0129,1.2970
0,11,10,8,2.5359,0.5049,0.6229,0.2925,0.0087,0.0130,1.3724
0,11,11,8,2.5031,0.4847,0.5585,0.2867,0.0255,0.0131,1.4075
0,13,2,7,2.2467,0.7098,0.6587,0.1903,0.0039,0.0079,0.8583
0,13,3,8,2.6442,0.6761,0.6187,0.1624,0.0056,0.0128,1.3173
0,13,4,11,2.5208,0.6409,0.5640,0.1881,0.0048,0.0127,1.2853
0,13,5,12,2.4707,0.6296,0.4913,0.2034,0.0023,0.0129,1.3214
0,13,6,12,2.5114,0.6089,0.5612,0.2235,0.0041,0.0128,1.3113
0,13,7,11,2.5125,0.5857,0.6015,0.2335,0.0040,0.0128,1.2953
0,13,8,14,2.5010,0.5496,0.6085,0.2584,0.0038,0.0130,1.3130
0,13,9,13,2.4888,0.5268,0.6408,0.2790,0.0045,0.0129,1.2908
0,13,10,8,2.5628,0.5060,0.6484,0.2943,0.0071,0.0130,1.3748
0,13,11,9,2.5206,0.4821,0.5823,0.2919,0.0110,0.0131,1.4184
0,14,2,8,2.9577,0.7261,0.8013,0.2081,0.0079,0.0139,1.3939
0,14,3,8,2.6459,0.6830,0.6275,0.1687,0.0050,0.0128,1.3040
0,14,4,11,2.5486,0.6479,0.5898,0.1955,0.0025,0.0128,1.2827
0,14,5,11,2.4778,0.6302,0.5030,0.2073,0.0072,0.0126,1.3116
0,14,6,12,2.5202,0.6058,0.5649,0.2236,0.0040,0.0128,1.3195
0,14,7,11,2.5136,0.5793,0.6311,0.2491,0.0030,0.0126,1.2746
0,14,8,14,2.5037,0.5512,0.6223,0.2687,0.0019,0.0129,1.3022
0,14,9,12,2.4921,0.5245,0.6705,0.2896,0.0052,0.0127,1.2662
0,14,10,8,2.5542,0.5034,0.6487,0.2962,0.0058,0.0130,1.3693
0,14,11,8,2.5531,0.4868,0.6224,0.3035,0.0062,0.0130,1.4109
0,15,2,8,2.9633,0.7284,0.8006,0.2080,0.0078,0.0139,1.3978
0,15,3,8,2.6285,0.6783,0.6086,0.1655,0.0056,0.0128,1.3095
0,15,4,11,2.5427,0.6467,0.5952,0.2000,0.0028,0.0127,1.2723
0,15,5,11,2.4818,0.6272,0.5094,0.2069,0.0046,0.0127,1.3147
0,15,6,12,2.5096,0.6034,0.5655,0.2280,0.0033,0.0128,1.3115
0,15,7,13,2.5322,0.5728,0.6278,0.2457,0.0022,0.0129,1.3031
0,15,8,14,2.5033,0.5458,0.6218,0.2721,0.0045,0.0131,1.3050
0,15,9,9,2.7698,0.5260,0.9102,0.3926,0.0051,0.0131,1.3016
0,15,10,8,2.5571,0.4964,0.6528,0.2999,0.0066,0.0129,1.3747
0,15,11,9,2.5625,0.4819,0.6360,0.3121,0.0063,0.0131,1.4114
1,1,2,7,2.5126,0.7681,0.9050,0.7491,0.0080,0.0082,0.8148
1,1,3,8,2.4415,0.7670,0.5734,0.2397,0.0067,0.0111,1.0717
1,1,4,8,2.1430,0.7097,0.4070,0.1219,0.0042,0.0102,1.0009
1,1,5,8,1.9426,0.6968,0.2923,0.0760,0.0087,0.0096,0.9252
1,1,6,9,1.7713,0.6367,0.2137,0.0659,0.0039,0.0091,0.8984
1,1,7,9,1.6803,0.5822,0.2182,0.0687,0.0028,0.0088,0.8596
1,1,8,11,1.6566,0.5274,0.2425,0.0904,0.0023,0.0089,0.8665
1,1,9,11,1.6269,0.4970,0.2226,0.1116,0.0022,0.0089,0.8873
1,1,10,11,1.5396,0.4603,0.1598,0.1482,0.0024,0.0089,0.8993
1,1,11,13,1.5295,0.4255,0.1047,0.0758,0.0017,0.0091,0.9795
1,2,2,7,2.5168,0.7642,0.9225,0.7490,0.0080,0.0082,0.8052
1,2,3,8,2.3752,0.7721,0.5250,0.2025,0.0062,0.0108,1.0495
1,2,4,8,2.1740,0.7176,0.4269,0.1324,0.0066,0.0102,1.0020
1,2,5,8,1.9454,0.6909,0.3041,0.0745,0.0068,0.0095,0.9241
1,2,6,9,1.7846,0.6281,0.2312,0.0632,0.0041,0.0091,0.9030
1,2,7,9,1.6803,0.5715,0.2238,0.0739,0.0028,0.0088,0.8647
1,2,8,10,1.6687,0.5139,0.2791,0.0907,0.0019,0.0088,0.8565
1,2,9,11,1.6177,0.4776,0.2337,0.1135,0.0020,0.0089,0.8865
1,2,10,12,1.5629,0.4531,0.1729,0.1450,0.0016,0.0091,0.9173
1,2,11,13,1.5505,0.4176,0.1348,0.0746,0.0018,0.0091,0.9782
1,3,2,7,2.5192,0.7532,0.9349,0.7738,0.0080,0.0083,0.8060
1,3,3,8,2.3620,0.7738,0.5160,0.1985,0.0053,0.0108,1.0447
1,3,4,8,2.1705,0.7231,0.4284,0.1250,0.0048,0.0102,0.9932
1,3,5,8,1.9409,0.6777,0.3157,0.0725,0.0068,0.0094,0.9212
1,3,6,8,1.7562,0.6273,0.2251,0.0675,0.0032,0.0090,0.8823
1,3,7,9,1.6764,0.5497,0.2329,0.0777,0.0022,0.0088,0.8740
1,3,8,10,1.6522,0.5003,0.2605,0.0952,0.0018,0.0088,0.8718
1,3,9,12,1.6195,0.4669,0.2287,0.1145,0.0015,0.0090,0.9044
1,3,10,13,1.5770,0.4380,0.1910,0.1544,0.0018,0.0092,0.9281
1,3,11,12,1.5245,0.4206,0.1113,0.0686,0.0020,0.0089,0.9728
1,4,2,6,2.5204,0.7454,0.9690,0.8132,0.0082,0.0081,0.7810
1,4,3,8,2.3631,0.7758,0.5130,0.2040,0.0062,0.0108,1.0460
1,4,4,8,2.1705,0.7123,0.4329,0.1383,0.0042,0.0102,1.0002
1,4,5,8,1.9118,0.6572,0.3054,0.0682,0.0043,0.0094,0.9255
1,4,6,9,1.7611,0.5990,0.2448,0.0681,0.0027,0.0091,0.8966
1,4,7,9,1.6753,0.5265,0.2421,0.0804,0.0032,0.0088,0.8857
1,4,8,11,1.6739,0.4757,0.2681,0.1017,0.0024,0.0091,0.9097
1,4,9,12,1.6385,0.4435,0.2423,0.1239,0.0016,0.0092,0.9327
1,4,10,14,1.5448,0.4310,0.1182,0.0369,0.0018,0.0093,0.9754
1,4,11,12,1.5072,0.4041,0.1079,0.0712,0.0017,0.0091,0.9755
1,5,2,7,2.0682,0.7393,0.7174,0.5483,0.0044,0.0059,0.5952
1,5,3,8,2.3267,0.7435,0.5150,0.2088,0.0061,0.0107,1.0398
1,5,4,8,2.1478,0.6998,0.4350,0.1336,0.0052,0.0100,0.9872
1,5,5,8,1.9078,0.6277,0.3306,0.0729,0.0049,0.0093,0.9254
1,5,6,9,1.7662,0.5755,0.2746,0.0667,0.0029,0.0090,0.8949
1,5,7,8,1.6777,0.5134,0.2726,0.0876,0.0023,0.0086,0.8717
1,5,8,10,1.6839,0.4713,0.2850,0.1124,0.0022,0.0090,0.9077
1,5,9,12,1.6381,0.4410,0.2608,0.1343,0.0032,0.0091,0.9149
1,5,10,14,1.5420,0.4233,0.1371,0.0483,0.0026,0.0091,0.9609
1,5,11,14,1.5182,0.3892,0.1113,0.0708,0.0032,0.0093,0.9961
1,6,2,7,2.0525,0.7104,0.7254,0.5802,0.0037,0.0059,0.6010
1,6,3,8,2.3275,0.7209,0.5357,0.2272,0.0062,0.0107,1.0425
1,6,4,8,2.1501,0.6775,0.4584,0.1503,0.0047,0.0100,0.9890
1,6,5,8,1.9077,0.6080,0.3346,0.0897,0.0104,0.0093,0.9355
1,6,6,9,1.7780,0.5485,0.3019,0.0652,0.0036,0.0090,0.9054
1,6,7,10,1.7163,0.4923,0.3022,0.0956,0.0027,0.0089,0.9010
1,6,8,11,1.6999,0.4640,0.3049,0.1190,0.0024,0.0090,0.9105
1,6,9,11,1.6364,0.4338,0.2686,0.1395,0.0017,0.0090,0.9142
1,6,10,13,1.5551,0.4251,0.1716,0.0569,0.0024,0.0091,0.9379
1,6,11,14,1.5315,0.3816,0.1562,0.0806,0.0023,0.0092,0.9731
1,7,2,8,2.6965,0.7540,0.7634,0.4286,0.0075,0.0117,1.1476
1,7,3,8,2.3151,0.6956,0.5445,0.2367,0.0046,0.0106,1.0482
1,7,4,8,2.0634,0.6527,0.4125,0.1439,0.0046,0.0098,0.9732
1,7,5,8,1.9223,0.5922,0.3715,0.1147,0.0052,0.0093,0.9342
1,7,6,9,1.7942,0.5313,0.3377,0.0713,0.0042,0.0090,0.9026
1,7,7,11,1.7309,0.4934,0.3232,0.0957,0.0024,0.0089,0.8937
1,7,8,11,1.7109,0.4657,0.3153,0.1234,0.0025,0.0090,0.9094
1,7,9,12,1.6659,0.4384,0.2934,0.1459,0.0028,0.0090,0.9131
1,7,10,13,1.5734,0.4223,0.1800,0.0506,0.0018,0.0091,0.9512
1,7,11,14,1.5318,0.3847,0.1579,0.0917,0.0030,0.0092,0.9681
1,11,2,7,2.6701,0.7384,0.7750,0.4279,0.0066,0.0115,1.1259
1,11,3,8,2.3111,0.6896,0.5491,0.2427,0.0058,0.0106,1.0446
1,11,4,8,2.0628,0.6350,0.4341,0.1555,0.0036,0.0097,0.9699
1,11,5,9,1.9159,0.5849,0.3651,0.1030,0.0058,0.0093,0.9409
1,11,6,9,1.8023,0.5284,0.3519,0.0759,0.0036,0.0089,0.9001
1,11,7,10,1.7332,0.4866,0.3437,0.1023,0.0025,0.0088,0.8824
1,11,8,10,1.7114,0.4616,0.3313,0.1252,0.0026,0.0089,0.8981
1,11,9,12,1.6811,0.4366,0.2999,0.1535,0.0021,0.0091,0.9243
1,11,10,14,1.5796,0.4194,0.1881,0.0567,0.0029,0.0092,0.9509
1,11,11,14,1.5379,0.3771,0.1753,0.1040,0.0029,0.0092,0.9643
1,13,2,8,2.6906,0.7154,0.8062,0.4411,0.0063,0.0117,1.1388
1,13,3,8,2.2700,0.6701,0.5385,0.2409,0.0055,0.0104,1.0343
1,13,4,8,2.0559,0.6295,0.4391,0.1613,0.0034,0.0097,0.9639
1,13,5,9,1.9364,0.5788,0.3910,0.1139,0.0044,0.0094,0.9427
1,13,6,9,1.8231,0.5234,0.3763,0.0883,0.0033,0.0089,0.9020
1,13,7,11,1.7573,0.4924,0.3524,0.1051,0.0026,0.0090,0.8918
1,13,8,11,1.7212,0.4598,0.3443,0.1291,0.0034,0.0089,0.8958
1,13,9,12,1.7048,0.4405,0.3180,0.1610,0.0023,0.0091,0.9259
1,13,10,14,1.6118,0.4197,0.2050,0.0518,0.0023,0.0094,0.9662
1,13,11,14,1.5603,0.3697,0.2080,0.1053,0.0029,0.0092,0.9614
1,14,2,8,2.6334,0.7060,0.7740,0.4148,0.0066,0.0114,1.1233
1,14,3,8,2.2535,0.6578,0.5367,0.2439,0.0041,0.0103,1.0334
1,14,4,8,2.0263,0.6230,0.4274,0.1551,0.0045,0.0096,0.9519
1,14,5,9,1.9253,0.5619,0.3952,0.1206,0.0050,0.0093,0.9441
1,14,6,9,1.8056,0.5240,0.3608,0.0786,0.0025,0.0089,0.9002
1,14,7,11,1.7638,0.4896,0.3581,0.1086,0.0026,0.0090,0.8953
1,14,8,10,1.7205,0.4573,0.3487,0.1327,0.0028,0.0089,0.8937
1,14,9,12,1.7066,0.4375,0.3208,0.1601,0.0024,0.0091,0.9277
1,14,10,13,1.5892,0.4215,0.2035,0.0549,0.0021,0.0091,0.9440
1,14,11,14,1.5823,0.3678,0.2320,0.1098,0.0031,0.0093,0.9609
1,15,2,8,2.5561,0.6889,0.7299,0.3950,0.0059,0.0112,1.1080
1,15,3,8,2.2543,0.6498,0.5471,0.2521,0.0045,0.0103,1.0316
1,15,4,8,2.0311,0.6177,0.4313,0.1642,0.0045,0.0096,0.9580
1,15,5,8,1.8801,0.5615,0.3800,0.1149,0.0036,0.0090,0.9165
1,15,6,9,1.7789,0.5212,0.3442,0.0780,0.0040,0.0087,0.8917
1,15,7,12,1.7782,0.4862,0.3696,0.1057,0.0016,0.0091,0.9026
1,15,8,11,1.7226,0.4557,0.3400,0.1311,0.0021,0.0090,0.9067
1,15,9,11,1.6939,0.4323,0.3325,0.1683,0.0024,0.0090,0.9086
1,15,10,14,1.6133,0.4070,0.2274,0.0586,0.0023,0.0093,0.9581
1,15,11,13,1.5924,0.3683,0.2554,0.1051,0.0021,0.0092,0.9484
2,1,2,7,2.5124,0.7633,0.8616,0.6716,0.0080,0.0085,0.8618
2,1,3,7,2.5598,0.7710,0.6288,0.2709,0.0065,0.0115,1.1294
2,1,4,8,2.2050,0.7312,0.4105,0.1186,0.0047,0.0106,1.0369
2,1,5,8,2.0042,0.6968,0.3042,0.0836,0.0069,0.0099,0.9757
2,1,6,9,1.8723,0.6291,0.2667,0.0771,0.0027,0.0096,0.9543
2,1,7,9,1.7639,0.5797,0.2458,0.0909,0.0027,0.0092,0.9173
2,1,8,12,1.7468,0.5278,0.2665,0.1085,0.0030,0.0096,0.9302
2,1,9,11,1.6920,0.5030,0.2315,0.1276,0.0027,0.0094,0.9361
2,1,10,11,1.6375,0.4666,0.2029,0.1596,0.0026,0.0094,0.9468
2,1,11,14,1.6454,0.4406,0.1272,0.0825,0.0025,0.0099,1.0556
2,2,2,7,2.5173,0.7598,0.8784,0.6791,0.0080,0.0085,0.8535
2,2,3,7,2.5570,0.7802,0.6228,0.2653,0.0065,0.0115,1.1234
2,2,4,8,2.2080,0.7292,0.4155,0.1164,0.0051,0.0105,1.0364
2,2,5,8,2.0203,0.6965,0.3221,0.0885,0.0051,0.0099,0.9760
2,2,6,9,1.8859,0.6274,0.2785,0.0768,0.0046,0.0096,0.9561
2,2,7,10,1.7527,0.5669,0.2415,0.0913,0.0027,0.0093,0.9231
2,2,8,12,1.7590,0.5179,0.2871,0.1069,0.0026,0.0095,0.9322
2,2,9,11,1.6889,0.4813,0.2187,0.1281,0.0025,0.0095,0.9672
2,2,10,11,1.6148,0.4588,0.1899,0.1629,0.0029,0.0093,0.9448
2,2,11,14,1.6343,0.4275,0.1360,0.0853,0.0031,0.0098,1.0483
2,3,2,6,2.4945,0.7483,0.8729,0.7206,0.0080,0.0083,0.8481
2,3,3,8,2.4658,0.7804,0.5508,0.1997,0.0065,0.0113,1.1046
2,3,4,8,2.2149,0.7422,0.4120,0.1156,0.0064,0.0105,1.0328
2,3,5,8,2.0048,0.6984,0.3070,0.0851,0.0052,0.0099,0.9737
2,3,6,9,1.8731,0.6039,0.2941,0.0818,0.0043,0.0096,0.9516
2,3,7,10,1.7445,0.5481,0.2469,0.0953,0.0039,0.0092,0.9273
2,3,8,12,1.7649,0.4975,0.3030,0.1140,0.0027,0.0096,0.9424
2,3,9,10,1.6897,0.4684,0.2596,0.1300,0.0028,0.0092,0.9403
2,3,10,13,1.6598,0.4426,0.2257,0.1620,0.0020,0.0096,0.9707
2,3,11,13,1.6285,0.4310,0.1335,0.0840,0.0016,0.0097,1.0431
2,4,2,6,2.5062,0.7438,0.8906,0.7389,0.0080,0.0083,0.8468
2,4,3,8,2.4559,0.7680,0.5605,0.2074,0.0057,0.0112,1.0986
2,4,4,8,2.2031,0.7311,0.4145,0.1136,0.0049,0.0105,1.0311
2,4,5,8,1.9821,0.6713,0.3156,0.0761,0.0056,0.0098,0.9695
2,4,6,9,1.8450,0.5846,0.2900,0.0830,0.0050,0.0095,0.9465
2,4,7,9,1.7495,0.5411,0.2679,0.1017,0.0029,0.0091,0.9193
2,4,8,11,1.7237,0.4842,0.2761,0.1193,0.0030,0.0094,0.9415
2,4,9,11,1.6760,0.4522,0.2344,0.1423,0.0029,0.0094,0.9678
2,4,10,13,1.6719,0.4273,0.2444,0.1664,0.0022,0.0096,0.9788
2,4,11,13,1.5892,0.4102,0.1089,0.0840,0.0028,0.0097,1.0480
2,5,2,7,2.3460,0.7153,0.7142,0.5326,0.0080,0.0085,0.8909
2,5,3,8,2.4501,0.7318,0.5819,0.2395,0.0056,0.0112,1.1077
2,5,4,8,2.1954,0.7008,0.4340,0.1124,0.0056,0.0104,1.0336
2,5,5,8,1.9850,0.6180,0.3582,0.0780,0.0048,0.0097,0.9839
2,5,6,9,1.8277,0.5725,0.2910,0.0831,0.0072,0.0093,0.9383
2,5,7,11,1.7941,0.5212,0.3004,0.1058,0.0028,0.0094,0.9506
2,5,8,11,1.7638,0.4721,0.3199,0.1257,0.0027,0.0094,0.9505
2,5,9,11,1.6922,0.4447,0.2508,0.1492,0.0030,0.0093,0.9749
2,5,10,12,1.6792,0.4256,0.2497,0.1563,0.0016,0.0095,0.9833
2,5,11,14,1.6020,0.4009,0.1314,0.0855,0.0022,0.0098,1.0481
2,6,2,7,2.3459,0.7043,0.7287,0.5462,0.0080,0.0085,0.8873
2,6,3,8,2.4110,0.7104,0.5755,0.2347,0.0055,0.0110,1.0968
2,6,4,8,2.1480,0.6808,0.4217,0.1120,0.0049,0.0102,1.0196
2,6,5,9,1.9850,0.5848,0.3869,0.0770,0.0045,0.0098,0.9889
2,6,6,9,1.8291,0.5457,0.3272,0.0888,0.0098,0.0092,0.9275
2,6,7,11,1.8090,0.5048,0.3330,0.1136,0.0027,0.0094,0.9499
2,6,8,12,1.8084,0.4704,0.3357,0.1261,0.0041,0.0097,0.9789
2,6,9,12,1.7437,0.4374,0.2962,0.1574,0.0042,0.0097,0.9866
2,6,10,12,1.6971,0.4270,0.2655,0.1583,0.0026,0.0095,0.9832
2,6,11,14,1.6073,0.3997,0.1660,0.0926,0.0016,0.0096,1.0207
2,7,2,6,2.0498,0.6857,0.7280,0.5562,0.0032,0.0060,0.6208
2,7,3,8,2.4318,0.6922,0.5951,0.2533,0.0058,0.0112,1.1155
2,7,4,8,2.1608,0.6655,0.4507,0.1380,0.0045,0.0102,1.0191
2,7,5,9,1.9541,0.5680,0.3826,0.0778,0.0039,0.0097,0.9796
2,7,6,9,1.8465,0.5327,0.3566,0.0919,0.0050,0.0093,0.9332
2,7,7,10,1.8230,0.5023,0.3557,0.1145,0.0040,0.0093,0.9420
2,7,8,11,1.7992,0.4637,0.3565,0.1350,0.0023,0.0094,0.9579
2,7,9,12,1.7594,0.4414,0.3207,0.1718,0.0030,0.0095,0.9751
2,7,10,12,1.7289,0.4302,0.2902,0.1731,0.0017,0.0096,0.9876
2,7,11,14,1.6285,0.3920,0.1955,0.1054,0.0026,0.0097,1.0192
2,11,2,6,2.0040,0.6897,0.6871,0.5123,0.0051,0.0058,0.6103
2,11,3,8,2.4237,0.6760,0.6110,0.2622,0.0057,0.0110,1.1083
2,11,4,8,2.1691,0.6483,0.4669,0.1541,0.0045,0.0102,1.0284
2,11,5,9,1.9648,0.5669,0.3931,0.0780,0.0039,0.0097,0.9810
2,11,6,8,1.8495,0.5285,0.3709,0.1008,0.0039,0.0091,0.9274
2,11,7,10,1.8205,0.4969,0.3779,0.1196,0.0028,0.0092,0.9243
2,11,8,10,1.7724,0.4631,0.3445,0.1403,0.0029,0.0093,0.9436
2,11,9,12,1.7612,0.4411,0.3176,0.1733,0.0032,0.0095,0.9801
2,11,10,14,1.6805,0.4377,0.2166,0.0624,0.0018,0.0098,1.0049
2,11,11,14,1.6344,0.3867,0.2142,0.1223,0.0024,0.0098,1.0116
2,13,2,6,1.6949,0.6933,0.4182,0.2397,0.0018,0.0048,0.5719
2,13,3,8,2.4424,0.6617,0.6402,0.2897,0.0055,0.0110,1.1124
2,13,4,8,2.1840,0.6377,0.4843,0.1702,0.0042,0.0102,1.0367
2,13,5,9,1.9730,0.5692,0.4021,0.0827,0.0046,0.0097,0.9772
2,13,6,8,1.8667,0.5281,0.3893,0.1007,0.0026,0.0092,0.9280
2,13,7,12,1.8547,0.4907,0.4125,0.1302,0.0031,0.0094,0.9294
2,13,8,11,1.8047,0.4642,0.3667,0.1446,0.0019,0.0094,0.9532
2,13,9,11,1.7857,0.4468,0.3531,0.1740,0.0021,0.0094,0.9647
2,13,10,14,1.6907,0.4306,0.2235,0.0550,0.0025,0.0098,1.0147
2,13,11,14,1.6478,0.3921,0.2164,0.1253,0.0024,0.0099,1.0173
2,14,2,7,2.7126,0.6979,0.8271,0.4579,0.0067,0.0118,1.1563
2,14,3,8,2.4287,0.6570,0.6446,0.2922,0.0049,0.0110,1.0996
2,14,4,8,2.1687,0.6279,0.4834,0.1764,0.0043,0.0101,1.0322
2,14,5,9,1.9847,0.5656,0.4132,0.1004,0.0053,0.0096,0.9808
2,14,6,8,1.8669,0.5298,0.3945,0.1060,0.0036,0.0091,0.9203
2,14,7,12,1.8601,0.4905,0.4213,0.1287,0.0039,0.0094,0.9252
2,14,8,11,1.8024,0.4673,0.3660,0.1474,0.0019,0.0094,0.9485
2,14,9,11,1.7832,0.4425,0.3591,0.1811,0.0023,0.0094,0.9603
2,14,10,13,1.6799,0.4255,0.2403,0.0575,0.0030,0.0096,0.9921
2,14,11,14,1.6718,0.3915,0.2335,0.1107,0.0022,0.0099,1.0249
2,15,2,7,2.6469,0.6930,0.7808,0.4193,0.0067,0.0115,1.1421
2,15,3,8,2.4251,0.6541,0.6507,0.2857,0.0063,0.0109,1.0916
2,15,4,8,2.1101,0.6232,0.4478,0.1552,0.0044,0.0100,1.0142
2,15,5,9,1.9767,0.5661,0.4037,0.0933,0.0032,0.0096,0.9840
2,15,6,10,1.8645,0.5215,0.3713,0.1045,0.0027,0.0094,0.9500
2,15,7,12,1.8828,0.4858,0.4345,0.1345,0.0044,0.0095,0.9393
2,15,8,11,1.7951,0.4583,0.3637,0.1491,0.0024,0.0094,0.9519
2,15,9,11,1.7806,0.4385,0.3556,0.1802,0.0026,0.0095,0.9648
2,15,10,13,1.6808,0.4198,0.2558,0.0629,0.0016,0.0096,0.9846
2,15,11,14,1.6851,0.3901,0.2604,0.1100,0.0026,0.0097,1.0128
3,1,2,6,2.5238,0.7556,0.8368,0.6454,0.0080,0.0086,0.9057
3,1,3,8,2.6389,0.7491,0.6623,0.2498,0.0068,0.0120,1.1956
3,1,4,9,2.3110,0.7052,0.4735,0.1361,0.0056,0.0111,1.1036
3,1,5,8,2.0206,0.6921,0.2936,0.0850,0.0076,0.0101,1.0067
3,1,6,8,1.8864,0.6417,0.2572,0.0855,0.0039,0.0097,0.9641
3,1,7,10,1.8225,0.5940,0.2357,0.1072,0.0028,0.0097,0.9703
3,1,8,13,1.8668,0.5512,0.3050,0.1253,0.0021,0.0100,0.9884
3,1,9,12,1.7676,0.5106,0.2247,0.1678,0.0021,0.0101,1.0100
3,1,10,11,1.7182,0.4803,0.2052,0.1762,0.0027,0.0099,1.0101
3,1,11,12,1.6953,0.4575,0.1152,0.0823,0.0031,0.0099,1.0998
3,2,2,6,2.5342,0.7516,0.8572,0.6730,0.0080,0.0085,0.8998
3,2,3,8,2.6093,0.7517,0.6452,0.2447,0.0070,0.0118,1.1806
3,2,4,9,2.3293,0.7126,0.4798,0.1331,0.0057,0.0111,1.1081
3,2,5,8,2.0048,0.6806,0.2937,0.0802,0.0073,0.0101,1.0027
3,2,6,8,1.8819,0.6315,0.2578,0.0926,0.0034,0.0097,0.9698
3,2,7,10,1.8267,0.5856,0.2468,0.1080,0.0032,0.0097,0.9715
3,2,8,12,1.8411,0.5347,0.3068,0.1268,0.0030,0.0099,0.9767
3,2,9,12,1.7649,0.4906,0.2392,0.1631,0.0018,0.0101,1.0133
3,2,10,11,1.7066,0.4600,0.2140,0.1778,0.0028,0.0098,1.0100
3,2,11,13,1.7305,0.4489,0.1505,0.0933,0.0017,0.0101,1.1091
3,3,2,6,2.4538,0.7382,0.7734,0.5792,0.0080,0.0086,0.9165
3,3,3,8,2.5330,0.7512,0.5959,0.2061,0.0063,0.0116,1.1553
3,3,4,9,2.3393,0.6987,0.5052,0.1356,0.0045,0.0112,1.1080
3,3,5,8,2.0027,0.6765,0.2938,0.0837,0.0088,0.0100,1.0030
3,3,6,8,1.8706,0.6191,0.2647,0.0968,0.0036,0.0096,0.9639
3,3,7,10,1.8252,0.5709,0.2513,0.1088,0.0021,0.0098,0.9811
3,3,8,11,1.8347,0.5177,0.3195,0.1298,0.0036,0.0098,0.9742
3,3,9,11,1.7643,0.4688,0.2628,0.1641,0.0024,0.0099,1.0106
3,3,10,11,1.7105,0.4419,0.2220,0.1819,0.0023,0.0098,1.0246
3,3,11,14,1.7336,0.4400,0.1551,0.0867,0.0023,0.0103,1.1157
3,4,2,6,2.4599,0.7276,0.7971,0.6044,0.0080,0.0086,0.9094
3,4,3,8,2.5523,0.7339,0.6150,0.2394,0.0066,0.0116,1.1728
3,4,4,8,2.2923,0.6931,0.4874,0.1260,0.0043,0.0109,1.0851
3,4,5,9,1.9744,0.6428,0.2935,0.0844,0.0037,0.0101,1.0138
3,4,6,8,1.8561,0.5911,0.2707,0.1008,0.0047,0.0096,0.9704
3,4,7,11,1.8572,0.5485,0.2963,0.1133,0.0022,0.0099,0.9902
3,4,8,12,1.8494,0.5036,0.3316,0.1330,0.0028,0.0100,0.9914
3,4,9,11,1.7598,0.4567,0.2678,0.1596,0.0024,0.0099,1.0132
3,4,10,11,1.7287,0.4306,0.2507,0.1877,0.0027,0.0099,1.0248
3,4,11,13,1.7182,0.4326,0.1561,0.0882,0.0020,0.0101,1.1073
3,5,2,6,2.4160,0.7219,0.7540,0.5566,0.0080,0.0086,0.9144
3,5,3,8,2.5393,0.7095,0.6282,0.2434,0.0054,0.0116,1.1721
3,5,4,9,2.2586,0.6746,0.4636,0.1158,0.0046,0.0109,1.0934
3,5,5,9,1.9679,0.6182,0.3221,0.0824,0.0030,0.0099,1.0042
3,5,6,9,1.8795,0.5748,0.2966,0.1050,0.0030,0.0096,0.9856
3,5,7,11,1.8850,0.5292,0.3371,0.1188,0.0022,0.0099,0.9967
3,5,8,12,1.8762,0.4805,0.3719,0.1437,0.0040,0.0101,0.9997
3,5,9,11,1.8075,0.4514,0.3161,0.1612,0.0047,0.0098,1.0156
3,5,10,11,1.7455,0.4275,0.2668,0.1876,0.0021,0.0099,1.0293
3,5,11,13,1.6813,0.4207,0.1365,0.0922,0.0032,0.0100,1.1009
3,6,2,7,2.4152,0.7099,0.7504,0.5489,0.0080,0.0088,0.9287
3,6,3,8,2.4780,0.6941,0.5996,0.2237,0.0064,0.0114,1.1543
3,6,4,9,2.1918,0.6542,0.4473,0.1047,0.0056,0.0106,1.0631
3,6,5,9,1.9833,0.6089,0.3419,0.0826,0.0049,0.0099,1.0071
3,6,6,9,1.8886,0.5485,0.3351,0.1163,0.0034,0.0096,0.9821
3,6,7,11,1.8926,0.5208,0.3546,0.1221,0.0037,0.0099,0.9939
3,6,8,11,1.8866,0.4741,0.4149,0.1593,0.0028,0.0098,0.9749
3,6,9,11,1.8338,0.4455,0.3517,0.1730,0.0040,0.0098,1.0129
3,6,10,11,1.7836,0.4306,0.2984,0.1954,0.0019,0.0098,1.0330
3,6,11,13,1.6779,0.4173,0.1569,0.1010,0.0029,0.0100,1.0808
3,7,2,7,2.0610,0.6859,0.6913,0.4783,0.0042,0.0063,0.6670
3,7,3,8,2.4964,0.6715,0.6375,0.2517,0.0060,0.0114,1.1579
3,7,4,9,2.1749,0.6387,0.4434,0.1111,0.0053,0.0105,1.0658
3,7,5,9,2.0010,0.5801,0.3765,0.0967,0.0087,0.0100,1.0153
3,7,6,10,1.9290,0.5327,0.3872,0.1247,0.0023,0.0098,0.9867
3,7,7,11,1.9144,0.5139,0.3884,0.1355,0.0046,0.0098,0.9881
3,7,8,11,1.8640,0.4784,0.3413,0.1682,0.0023,0.0100,1.0220
3,7,9,12,1.8711,0.4480,0.3742,0.1798,0.0022,0.0100,1.0266
3,7,10,12,1.8169,0.4355,0.3121,0.1957,0.0017,0.0100,1.0475
3,7,11,13,1.7035,0.4176,0.2037,0.1046,0.0021,0.0100,1.0601
3,11,2,7,1.8826,0.6720,0.5611,0.3373,0.0026,0.0057,0.6355
3,11,3,8,2.4842,0.6597,0.6413,0.2557,0.0053,0.0114,1.1546
3,11,4,8,2.1726,0.6225,0.4624,0.1204,0.0049,0.0105,1.0611
3,11,5,9,1.9748,0.5822,0.3603,0.0963,0.0033,0.0099,1.0087
3,11,6,10,1.9226,0.5311,0.3834,0.1274,0.0023,0.0097,0.9860
3,11,7,11,1.9223,0.5102,0.3991,0.1371,0.0028,0.0098,0.9908
3,11,8,11,1.8422,0.4742,0.3265,0.1694,0.0025,0.0100,1.0189
3,11,9,11,1.8504,0.4424,0.3741,0.1890,0.0026,0.0098,1.0116
3,11,10,11,1.7870,0.4322,0.2938,0.1988,0.0030,0.0098,1.0382
3,11,11,12,1.7022,0.4027,0.2355,0.1277,0.0021,0.0100,1.0421
3,13,2,7,1.7900,0.6665,0.4963,0.2715,0.0031,0.0054,0.6135
3,13,3,9,2.4680,0.6455,0.6373,0.2412,0.0062,0.0114,1.1555
3,13,4,9,2.1628,0.6161,0.4416,0.1121,0.0037,0.0106,1.0796
3,13,5,9,2.0030,0.5796,0.3904,0.1009,0.0059,0.0099,1.0067
3,13,6,10,1.9472,0.5316,0.3986,0.1225,0.0042,0.0097,0.9931
3,13,7,11,1.9359,0.5117,0.4155,0.1360,0.0028,0.0098,0.9866
3,13,8,12,1.8828,0.4772,0.3471,0.1725,0.0020,0.0102,1.0360
3,13,9,12,1.8933,0.4487,0.3952,0.1930,0.0033,0.0101,1.0258
3,13,10,12,1.8058,0.4263,0.3066,0.2038,0.0053,0.0099,1.0478
3,13,11,12,1.7128,0.4041,0.2284,0.1234,0.0031,0.0100,1.0572
3,14,2,8,2.8333,0.6839,0.9108,0.4692,0.0077,0.0124,1.2049
3,14,3,9,2.4582,0.6377,0.6569,0.2650,0.0061,0.0113,1.1341
3,14,4,9,2.1623,0.6130,0.4493,0.1208,0.0043,0.0105,1.0740
3,14,5,9,1.9957,0.5755,0.3826,0.0991,0.0054,0.0100,1.0117
3,14,6,10,1.9359,0.5326,0.3972,0.1262,0.0026,0.0096,0.9839
3,14,7,11,1.9656,0.5047,0.4502,0.1420,0.0030,0.0098,0.9879
3,14,8,12,1.8874,0.4761,0.3530,0.1725,0.0020,0.0102,1.0357
3,14,9,12,1.9017,0.4417,0.4201,0.1931,0.0021,0.0101,1.0176
3,14,10,11,1.7889,0.4288,0.2995,0.1981,0.0028,0.0098,1.0382
3,14,11,12,1.7153,0.4022,0.2381,0.1108,0.0029,0.0100,1.0521
3,15,2,8,2.7510,0.6779,0.8528,0.4273,0.0062,0.0121,1.1889
3,15,3,8,2.4089,0.6327,0.6334,0.2528,0.0047,0.0110,1.1150
3,15,4,9,2.1321,0.6153,0.4437,0.1093,0.0042,0.0102,1.0479
3,15,5,9,1.9876,0.5733,0.3904,0.1030,0.0051,0.0098,0.9986
3,15,6,11,1.9601,0.5267,0.4164,0.1334,0.0021,0.0099,0.9948
3,15,7,12,1.9767,0.5011,0.4445,0.1520,0.0033,0.0101,1.0076
3,15,8,10,1.8568,0.4678,0.3717,0.1839,0.0022,0.0098,0.9952
3,15,9,12,1.8972,0.4380,0.4127,0.1932,0.0047,0.0100,1.0216
3,15,10,11,1.7898,0.4247,0.3014,0.2062,0.0028,0.0099,1.0410
3,15,11,12,1.7321,0.4016,0.2641,0.1163,0.0025,0.0099,1.0442
4,1,2,7,2.4748,0.7527,0.7009,0.4783,0.0080,0.0090,0.9947
4,1,3,7,1.7270,0.7123,0.2841,0.0820,0.0022,0.0056,0.7172
4,1,4,8,2.4029,0.7452,0.4627,0.1435,0.0050,0.0115,1.1659
4,1,5,8,2.1668,0.7038,0.3473,0.0951,0.0044,0.0108,1.0892
4,1,6,10,1.9912,0.6652,0.2538,0.0997,0.0027,0.0105,1.0482
4,1,7,11,1.9605,0.6007,0.2749,0.1323,0.0019,0.0106,1.0617
4,1,8,11,1.9577,0.5618,0.3248,0.1609,0.0025,0.0106,1.0475
4,1,9,11,1.8600,0.5360,0.2287,0.1848,0.0032,0.0105,1.0711
4,1,10,11,1.8680,0.5048,0.2596,0.2181,0.0029,0.0104,1.0795
4,1,11,11,1.8375,0.4949,0.2267,0.1932,0.0027,0.0106,1.0920
4,2,2,7,2.4883,0.7486,0.7268,0.4984,0.0082,0.0090,0.9860
4,2,3,8,2.7883,0.7723,0.6995,0.2540,0.0077,0.0127,1.2825
4,2,4,8,2.3845,0.7529,0.4498,0.1374,0.0048,0.0114,1.1532
4,2,5,9,2.1628,0.6933,0.3391,0.0959,0.0045,0.0110,1.1036
4,2,6,10,1.9853,0.6617,0.2534,0.1030,0.0025,0.0105,1.0464
4,2,7,11,1.9720,0.5915,0.2845,0.1334,0.0028,0.0106,1.0718
4,2,8,12,1.9568,0.5436,0.3137,0.1598,0.0030,0.0107,1.0751
4,2,9,11,1.8457,0.5246,0.2222,0.1861,0.0037,0.0104,1.0741
4,2,10,11,1.8427,0.4934,0.2459,0.2114,0.0034,0.0105,1.0790
4,2,11,11,1.8267,0.4850,0.2215,0.1914,0.0023,0.0106,1.0965
4,3,2,7,2.4544,0.7469,0.6936,0.4661,0.0080,0.0090,0.9873
4,3,3,8,2.7647,0.7744,0.6885,0.2482,0.0073,0.0125,1.2683
4,3,4,8,2.3593,0.7486,0.4333,0.1317,0.0055,0.0114,1.1485
4,3,5,8,2.1393,0.6897,0.3423,0.0967,0.0040,0.0107,1.0815
4,3,6,10,1.9870,0.6413,0.2805,0.1092,0.0027,0.0104,1.0413
4,3,7,11,1.9665,0.5770,0.2954,0.1396,0.0030,0.0106,1.0697
4,3,8,11,1.9512,0.5262,0.3427,0.1636,0.0019,0.0106,1.0592
4,3,9,11,1.8697,0.5071,0.2562,0.1836,0.0032,0.0105,1.0820
4,3,10,11,1.8398,0.4707,0.2473,0.2093,0.0066,0.0104,1.0942
4,3,11,11,1.8067,0.4625,0.2243,0.1975,0.0025,0.0105,1.0962
4,4,2,7,2.4663,0.7392,0.7214,0.4880,0.0081,0.0090,0.9790
4,4,3,8,2.7158,0.7549,0.6707,0.2396,0.0068,0.0123,1.2575
4,4,4,8,2.3506,0.7219,0.4551,0.1311,0.0055,0.0113,1.1447
4,4,5,8,2.0527,0.6726,0.3034,0.0966,0.0046,0.0104,1.0512
4,4,6,10,1.9921,0.6196,0.3015,0.1136,0.0032,0.0104,1.0467
4,4,7,12,1.9912,0.5442,0.3417,0.1493,0.0026,0.0109,1.0809
4,4,8,11,2.0186,0.5102,0.4341,0.1773,0.0027,0.0105,1.0505
4,4,9,12,1.8931,0.4843,0.2757,0.1799,0.0028,0.0108,1.1088
4,4,10,11,1.8614,0.4640,0.2668,0.2131,0.0025,0.0105,1.1069
4,4,11,11,1.8187,0.4518,0.2376,0.2068,0.0025,0.0106,1.1055
4,5,2,7,2.4521,0.7284,0.7170,0.4794,0.0080,0.0091,0.9800
4,5,3,8,2.6518,0.7308,0.6486,0.2248,0.0066,0.0122,1.2404
4,5,4,9,2.3395,0.7008,0.4581,0.1314,0.0052,0.0114,1.1520
4,5,5,9,2.0660,0.6486,0.3181,0.1019,0.0044,0.0105,1.0733
4,5,6,10,2.0297,0.5956,0.3519,0.1221,0.0069,0.0104,1.0543
4,5,7,12,1.9965,0.5229,0.3688,0.1640,0.0026,0.0108,1.0805
4,5,8,11,1.9613,0.5030,0.3402,0.1799,0.0023,0.0106,1.0946
4,5,9,12,1.9070,0.4775,0.2932,0.1848,0.0019,0.0107,1.1131
4,5,10,11,1.8693,0.4487,0.2906,0.2087,0.0029,0.0105,1.1060
4,5,11,13,1.8035,0.4471,0.1366,0.0940,0.0022,0.0109,1.1958
4,6,2,7,2.4436,0.7148,0.7296,0.4967,0.0080,0.0091,0.9724
4,6,3,8,2.6290,0.7177,0.6383,0.2299,0.0057,0.0121,1.2420
4,6,4,9,2.3420,0.6700,0.4944,0.1254,0.0047,0.0114,1.1493
4,6,5,8,2.0660,0.6367,0.3478,0.1053,0.0044,0.0103,1.0561
4,6,6,10,2.0178,0.5797,0.3483,0.1257,0.0050,0.0104,1.0638
4,6,7,12,2.0120,0.5115,0.4007,0.1729,0.0046,0.0107,1.0736
4,6,8,12,1.9493,0.4921,0.3142,0.1789,0.0024,0.0108,1.1190
4,6,9,12,1.9435,0.4820,0.3153,0.1929,0.0018,0.0107,1.1229
4,6,10,11,1.8881,0.4515,0.2906,0.2151,0.0027,0.0106,1.1220
4,6,11,12,1.7929,0.4320,0.1731,0.1076,0.0016,0.0106,1.1649
4,7,2,7,2.4177,0.7063,0.7113,0.4823,0.0081,0.0091,0.9734
4,7,3,8,2.6534,0.6905,0.6864,0.2579,0.0056,0.0121,1.2455
4,7,4,9,2.2977,0.6553,0.4736,0.1183,0.0052,0.0113,1.1402
4,7,5,8,2.0405,0.6147,0.3679,0.1095,0.0042,0.0101,1.0328
4,7,6,10,2.0291,0.5630,0.3766,0.1359,0.0057,0.0103,1.0632
4,7,7,11,2.0374,0.5135,0.4455,0.1789,0.0023,0.0105,1.0549
4,7,8,12,1.9804,0.4905,0.3425,0.2012,0.0024,0.0109,1.1231
4,7,9,12,2.0086,0.4770,0.3935,0.1993,0.0033,0.0107,1.1133
4,7,10,11,1.9162,0.4537,0.3199,0.2202,0.0029,0.0105,1.1186
4,7,11,12,1.8143,0.4262,0.2151,0.1188,0.0062,0.0107,1.1455
4,11,2,7,2.4189,0.7045,0.7172,0.4782,0.0081,0.0091,0.9705
4,11,3,8,2.6120,0.6855,0.6683,0.2418,0.0057,0.0119,1.2280
4,11,4,9,2.2549,0.6393,0.4640,0.1069,0.0048,0.0111,1.1241
4,11,5,10,2.0778,0.6003,0.3697,0.1114,0.0023,0.0106,1.0844
4,11,6,10,2.0555,0.5587,0.3974,0.1349,0.0031,0.0105,1.0752
4,11,7,12,2.0685,0.5108,0.4682,0.1833,0.0025,0.0107,1.0654
4,11,8,12,1.9755,0.4940,0.3453,0.1947,0.0032,0.0107,1.1114
4,11,9,11,1.9370,0.4857,0.3194,0.1916,0.0037,0.0104,1.1073
4,11,10,11,1.9210,0.4488,0.3125,0.2321,0.0026,0.0106,1.1359
4,11,11,12,1.8215,0.4153,0.2603,0.1439,0.0031,0.0106,1.1214
4,13,2,7,1.9639,0.7044,0.5371,0.3001,0.0029,0.0061,0.7070
4,13,3,8,2.5892,0.6754,0.6740,0.2515,0.0069,0.0117,1.2088
4,13,4,8,2.2631,0.6300,0.4940,0.1061,0.0043,0.0109,1.1124
4,13,5,9,2.0704,0.5979,0.3865,0.1212,0.0030,0.0103,1.0617
4,13,6,10,2.0663,0.5638,0.4089,0.1412,0.0025,0.0104,1.0700
4,13,7,11,2.0779,0.5096,0.4827,0.1852,0.0043,0.0105,1.0601
4,13,8,12,1.9971,0.4926,0.3663,0.2010,0.0026,0.0108,1.1138
4,13,9,11,2.0088,0.4843,0.3991,0.1993,0.0043,0.0105,1.1000
4,13,10,12,1.9455,0.4477,0.3340,0.2281,0.0017,0.0108,1.1404
4,13,11,12,1.8486,0.4208,0.2721,0.1473,0.0122,0.0106,1.1222
4,14,2,7,1.8974,0.6983,0.4952,0.2488,0.0022,0.0059,0.6897
4,14,3,8,2.5942,0.6766,0.6796,0.2662,0.0063,0.0117,1.2074
4,14,4,9,2.2769,0.6229,0.5008,0.1060,0.0053,0.0110,1.1253
4,14,5,9,2.0778,0.5920,0.4045,0.1232,0.0045,0.0103,1.0558
4,14,6,10,2.0776,0.5453,0.4425,0.1542,0.0056,0.0104,1.0631
4,14,7,11,2.0781,0.5133,0.4755,0.1847,0.0027,0.0105,1.0654
4,14,8,11,1.9991,0.4918,0.3831,0.2020,0.0029,0.0105,1.0999
4,14,9,11,1.9663,0.4836,0.3480,0.2116,0.0040,0.0106,1.1094
4,14,10,11,1.9212,0.4389,0.3375,0.2309,0.0021,0.0106,1.1212
4,14,11,12,1.8657,0.4262,0.2757,0.1334,0.0028,0.0107,1.1394
4,15,2,7,1.8481,0.6955,0.4511,0.2065,0.0093,0.0058,0.6807
4,15,3,8,2.5227,0.6666,0.6270,0.2250,0.0054,0.0116,1.1994
4,15,4,9,2.2635,0.6203,0.4994,0.1079,0.0048,0.0109,1.1165
4,15,5,9,2.0760,0.5941,0.3939,0.1237,0.0039,0.0104,1.0627
4,15,6,10,2.0606,0.5393,0.4394,0.1605,0.0019,0.0104,1.0589
4,15,7,11,2.0805,0.5091,0.4900,0.1910,0.0039,0.0106,1.0560
4,15,8,11,1.9983,0.4937,0.3850,0.2076,0.0031,0.0105,1.0954
4,15,9,11,2.0087,0.4663,0.4157,0.2111,0.0042,0.0106,1.1011
4,15,10,11,1.9245,0.4373,0.3469,0.2351,0.0019,0.0105,1.1172
4,15,11,12,1.8727,0.4201,0.2937,0.1172,0.0024,0.0107,1.1350
5,1,2,6,2.6779,0.7697,0.8645,0.6099,0.0081,0.0092,1.0164
5,1,3,7,1.7558,0.7137,0.2755,0.1075,0.0029,0.0058,0.7520
5,1,4,8,2.3960,0.7475,0.4326,0.1370,0.0051,0.0118,1.1865
5,1,5,8,2.1920,0.7010,0.3378,0.1317,0.0053,0.0112,1.1251
5,1,6,10,2.1061,0.6592,0.2946,0.1400,0.0032,0.0112,1.1264
5,1,7,12,2.0942,0.6152,0.3151,0.1625,0.0018,0.0115,1.1392
5,1,8,11,2.0922,0.5700,0.3661,0.1962,0.0027,0.0113,1.1308
5,1,9,11,1.9698,0.5383,0.2391,0.2161,0.0023,0.0113,1.1674
5,1,10,11,1.9885,0.5017,0.2935,0.2407,0.0031,0.0111,1.1677
5,1,11,12,1.9533,0.4955,0.2422,0.2180,0.0028,0.0114,1.1897
5,2,2,6,2.6789,0.7640,0.8796,0.6229,0.0080,0.0093,1.0080
5,2,3,8,2.7016,0.8131,0.5814,0.1922,0.0060,0.0127,1.2750
5,2,4,8,2.4031,0.7510,0.4397,0.1422,0.0060,0.0117,1.1822
5,2,5,8,2.1841,0.7048,0.3307,0.1315,0.0043,0.0111,1.1215
5,2,6,10,2.1139,0.6565,0.2999,0.1477,0.0046,0.0111,1.1303
5,2,7,11,2.0730,0.6107,0.3110,0.1615,0.0035,0.0111,1.1254
5,2,8,11,2.0845,0.5521,0.3750,0.1938,0.0047,0.0113,1.1300
5,2,9,11,1.9567,0.5169,0.2342,0.2138,0.0024,0.0113,1.1804
5,2,10,12,2.0171,0.4870,0.3167,0.2464,0.0017,0.0113,1.1890
5,2,11,11,1.9368,0.4858,0.2442,0.2192,0.0031,0.0112,1.1810
5,3,2,7,2.6185,0.7532,0.8017,0.5403,0.0081,0.0095,1.0359
5,3,3,8,2.6513,0.8092,0.5435,0.1754,0.0095,0.0125,1.2632
5,3,4,9,2.4289,0.7445,0.4441,0.1291,0.0047,0.0120,1.2110
5,3,5,9,2.1793,0.6897,0.3295,0.1314,0.0015,0.0112,1.1357
5,3,6,11,2.1317,0.6393,0.3199,0.1442,0.0025,0.0114,1.1471
5,3,7,11,2.1098,0.5813,0.3705,0.1746,0.0027,0.0112,1.1326
5,3,8,11,2.0871,0.5401,0.3956,0.1979,0.0035,0.0112,1.1254
5,3,9,11,1.9749,0.4965,0.2768,0.2051,0.0026,0.0113,1.1763
5,3,10,11,1.9782,0.4678,0.2970,0.2439,0.0022,0.0112,1.1889
5,3,11,11,1.9511,0.4728,0.2688,0.2353,0.0028,0.0113,1.1839
5,4,2,7,2.6187,0.7494,0.8176,0.5450,0.0080,0.0095,1.0242
5,4,3,8,2.6765,0.8009,0.5838,0.1859,0.0055,0.0124,1.2601
5,4,4,8,2.3903,0.7099,0.4699,0.1372,0.0070,0.0116,1.1795
5,4,5,8,2.1918,0.6731,0.3656,0.1364,0.0039,0.0111,1.1270
5,4,6,11,2.1326,0.6064,0.3408,0.1552,0.0023,0.0114,1.1600
5,4,7,11,2.1203,0.5568,0.4067,0.1857,0.0026,0.0111,1.1318
5,4,8,11,2.1027,0.5180,0.4217,0.1990,0.0040,0.0112,1.1366
5,4,9,12,2.0129,0.4861,0.3114,0.2201,0.0017,0.0113,1.1909
5,4,10,11,1.9771,0.4577,0.2913,0.2396,0.0022,0.0112,1.2032
5,4,11,11,1.9740,0.4575,0.2862,0.2538,0.0027,0.0113,1.2047
5,5,2,7,2.4539,0.7416,0.6428,0.3800,0.0080,0.0095,1.0419
5,5,3,8,2.6383,0.7648,0.5835,0.1712,0.0096,0.0124,1.2544
5,5,4,8,2.3756,0.6783,0.4914,0.1329,0.0055,0.0116,1.1765
5,5,5,9,2.1602,0.6382,0.3719,0.1475,0.0049,0.0111,1.1228
5,5,6,10,2.1284,0.5917,0.3680,0.1690,0.0034,0.0112,1.1426
5,5,7,11,2.1195,0.5385,0.4207,0.1938,0.0022,0.0111,1.1356
5,5,8,12,2.1629,0.5087,0.4989,0.2030,0.0030,0.0114,1.1293
5,5,9,11,2.0009,0.4727,0.3173,0.2290,0.0042,0.0112,1.1840
5,5,10,11,1.9848,0.4481,0.3074,0.2423,0.0022,0.0113,1.2043
5,5,11,11,1.9694,0.4515,0.2856,0.2627,0.0030,0.0113,1.2063
5,6,2,7,2.4544,0.7344,0.6576,0.3892,0.0080,0.0094,1.0350
5,6,3,8,2.6370,0.7335,0.6030,0.1706,0.0130,0.0123,1.2617
5,6,4,8,2.3816,0.6627,0.5097,0.1359,0.0059,0.0116,1.1794
5,6,5,9,2.1789,0.6148,0.4076,0.1571,0.0026,0.0110,1.1316
5,6,6,10,2.1326,0.5674,0.4019,0.1816,0.0030,0.0111,1.1378
5,6,7,11,2.1324,0.5247,0.4567,0.2082,0.0035,0.0111,1.1252
5,6,8,12,2.1561,0.5052,0.4847,0.2041,0.0029,0.0113,1.1404
5,6,9,12,2.0590,0.4753,0.3626,0.2434,0.0047,0.0114,1.1935
5,6,10,12,2.0287,0.4537,0.3366,0.2461,0.0022,0.0115,1.2130
5,6,11,11,2.0068,0.4351,0.3367,0.2631,0.0024,0.0113,1.2098
5,7,2,7,2.4349,0.7228,0.6506,0.3841,0.0080,0.0095,1.0340
5,7,3,8,2.6557,0.7005,0.6382,0.1754,0.0067,0.0124,1.2847
5,7,4,9,2.3723,0.6396,0.5099,0.1352,0.0045,0.0117,1.1943
5,7,5,9,2.1903,0.5914,0.4322,0.1629,0.0031,0.0111,1.1408
5,7,6,10,2.1762,0.5625,0.4444,0.1862,0.0025,0.0112,1.1443
5,7,7,11,2.1747,0.5238,0.4878,0.2124,0.0032,0.0112,1.1371
5,7,8,13,2.2297,0.4968,0.5632,0.2201,0.0033,0.0115,1.1431
5,7,9,11,2.0592,0.4744,0.3828,0.2440,0.0060,0.0111,1.1737
5,7,10,12,2.0527,0.4600,0.3504,0.2495,0.0036,0.0115,1.2156
5,7,11,11,2.0111,0.4335,0.3338,0.2549,0.0024,0.0113,1.2186
5,11,2,7,2.4466,0.7261,0.6576,0.3929,0.0080,0.0094,1.0354
5,11,3,8,2.6178,0.6936,0.6237,0.1686,0.0059,0.0122,1.2691
5,11,4,8,2.3398,0.6302,0.5116,0.1339,0.0045,0.0114,1.1699
5,11,5,9,2.1900,0.5904,0.4441,0.1635,0.0033,0.0110,1.1298
5,11,6,10,2.1723,0.5563,0.4404,0.1897,0.0028,0.0112,1.1502
5,11,7,11,2.1915,0.5193,0.5107,0.2128,0.0026,0.0113,1.1360
5,11,8,13,2.2304,0.4977,0.5671,0.2224,0.0033,0.0115,1.1389
5,11,9,12,2.0721,0.4731,0.3683,0.2435,0.0082,0.0114,1.1995
5,11,10,11,2.0376,0.4551,0.3513,0.2572,0.0030,0.0113,1.2053
5,11,11,11,2.0133,0.4330,0.3444,0.2637,0.0032,0.0112,1.2100
5,13,2,7,2.3096,0.7056,0.7798,0.4846,0.0045,0.0075,0.8045
5,13,3,8,2.6250,0.6785,0.6409,0.1898,0.0060,0.0123,1.2743
5,13,4,8,2.3619,0.6287,0.5372,0.1433,0.0044,0.0114,1.1679
5,13,5,10,2.2323,0.5898,0.4793,0.1653,0.0035,0.0111,1.1372
5,13,6,11,2.1940,0.5609,0.4556,0.1935,0.0033,0.0113,1.1515
5,13,7,12,2.1968,0.5240,0.5008,0.2183,0.0036,0.0115,1.1451
5,13,8,12,2.2412,0.5012,0.5937,0.2305,0.0059,0.0113,1.1177
5,13,9,12,2.0897,0.4781,0.3941,0.2502,0.0037,0.0114,1.1909
5,13,10,11,2.0495,0.4494,0.3611,0.2617,0.0026,0.0114,1.2135
5,13,11,12,2.0535,0.4361,0.3588,0.2606,0.0042,0.0114,1.2315
5,14,2,7,2.1527,0.7071,0.6588,0.3546,0.0030,0.0069,0.7697
5,14,3,8,2.6224,0.6787,0.6556,0.1877,0.0066,0.0122,1.2563
5,14,4,8,2.3730,0.6310,0.5485,0.1503,0.0046,0.0114,1.1654
5,14,5,11,2.2505,0.5885,0.4783,0.1629,0.0037,0.0113,1.1571
5,14,6,11,2.2220,0.5589,0.5023,0.1963,0.0035,0.0112,1.1348
5,14,7,13,2.2113,0.5227,0.5229,0.2270,0.0036,0.0115,1.1390
5,14,8,12,2.2487,0.5034,0.6037,0.2335,0.0035,0.0113,1.1153
5,14,9,12,2.0933,0.4759,0.3929,0.2497,0.0027,0.0115,1.1988
5,14,10,11,2.0374,0.4464,0.3595,0.2623,0.0030,0.0114,1.2057
5,14,11,11,2.0447,0.4406,0.3552,0.2601,0.0025,0.0113,1.2236
5,15,2,7,1.8275,0.6988,0.3964,0.1208,0.0017,0.0059,0.7186
5,15,3,8,2.6188,0.6759,0.6517,0.1890,0.0055,0.0122,1.2604
5,15,4,8,2.3520,0.6267,0.5373,0.1471,0.0050,0.0114,1.1596
5,15,5,10,2.2273,0.5887,0.4716,0.1682,0.0054,0.0111,1.1390
5,15,6,11,2.2149,0.5539,0.4997,0.1979,0.0033,0.0112,1.1357
5,15,7,11,2.2135,0.5229,0.5420,0.2228,0.0026,0.0113,1.1232
5,15,8,11,2.1266,0.4968,0.4462,0.2404,0.0031,0.0112,1.1579
5,15,9,12,2.0966,0.4715,0.4024,0.2537,0.0028,0.0114,1.1969
5,15,10,11,2.0443,0.4478,0.3690,0.2684,0.0025,0.0112,1.2023
5,15,11,12,2.0187,0.4388,0.3249,0.1314,0.0025,0.0116,1.2291
6,1,2,7,2.8370,0.7636,1.0201,0.6764,0.0080,0.0098,1.0251
6,1,3,8,2.5806,0.7884,0.4896,0.1611,0.0076,0.0125,1.2691
6,1,4,8,2.4244,0.7346,0.4200,0.1393,0.0089,0.0122,1.2361
6,1,5,10,2.2854,0.7007,0.3418,0.1481,0.0043,0.0120,1.2141
6,1,6,11,2.2534,0.6621,0.3306,0.1640,0.0026,0.0121,1.2336
6,1,7,11,2.2162,0.6270,0.3461,0.1868,0.0041,0.0119,1.2148
6,1,8,12,2.2293,0.5850,0.4039,0.2088,0.0046,0.0120,1.2115
6,1,9,11,2.1391,0.5677,0.2885,0.2282,0.0031,0.0120,1.2556
6,1,10,12,2.1632,0.5424,0.3121,0.2528,0.0018,0.0122,1.2824
6,1,11,8,2.2673,0.5245,0.4385,0.2409,0.0029,0.0123,1.2761
6,2,2,7,2.8501,0.7630,1.0401,0.6912,0.0080,0.0098,1.0187
6,2,3,9,2.5835,0.7833,0.4714,0.1349,0.0069,0.0127,1.2957
6,2,4,8,2.4052,0.7372,0.4106,0.1381,0.0089,0.0120,1.2238
6,2,5,9,2.2868,0.7017,0.3422,0.1531,0.0026,0.0119,1.2161
6,2,6,11,2.2762,0.6647,0.3591,0.1712,0.0029,0.0121,1.2251
6,2,7,12,2.2304,0.6249,0.3358,0.1848,0.0055,0.0122,1.2397
6,2,8,12,2.2210,0.5614,0.4195,0.2155,0.0057,0.0121,1.2101
6,2,9,11,2.1368,0.5515,0.2973,0.2365,0.0030,0.0120,1.2608
6,2,10,12,2.1456,0.5224,0.3142,0.2568,0.0016,0.0122,1.2828
6,2,11,8,2.2616,0.5225,0.4291,0.2395,0.0028,0.0123,1.2820
6,3,2,7,2.7826,0.7476,0.9860,0.6219,0.0080,0.0098,1.0208
6,3,3,9,2.5856,0.7851,0.4744,0.1282,0.0071,0.0128,1.2926
6,3,4,8,2.4164,0.7462,0.4146,0.1413,0.0083,0.0120,1.2229
6,3,5,10,2.2925,0.6778,0.3608,0.1578,0.0078,0.0120,1.2217
6,3,6,11,2.2735,0.6424,0.3780,0.1713,0.0031,0.0121,1.2256
6,3,7,11,2.2261,0.5967,0.3710,0.1883,0.0061,0.0120,1.2280
6,3,8,12,2.2137,0.5485,0.4220,0.2074,0.0027,0.0122,1.2160
6,3,9,11,2.1117,0.5355,0.2733,0.2302,0.0033,0.0120,1.2753
6,3,10,12,2.1520,0.5083,0.3234,0.2583,0.0047,0.0122,1.2909
6,3,11,8,2.2489,0.5069,0.4371,0.2443,0.0028,0.0122,1.2771
6,4,2,7,2.7821,0.7362,1.0090,0.6270,0.0080,0.0098,1.0088
6,4,3,9,2.5757,0.7805,0.4793,0.1264,0.0067,0.0126,1.2833
6,4,4,8,2.3895,0.7293,0.4065,0.1411,0.0080,0.0119,1.2213
6,4,5,10,2.2941,0.6552,0.3916,0.1671,0.0043,0.0120,1.2186
6,4,6,11,2.2752,0.6172,0.4000,0.1734,0.0035,0.0121,1.2301
6,4,7,12,2.2302,0.5797,0.3728,0.1890,0.0049,0.0122,1.2484
6,4,8,12,2.2372,0.5316,0.4678,0.2109,0.0036,0.0121,1.2098
6,4,9,11,2.1181,0.5188,0.2984,0.2286,0.0031,0.0120,1.2735
6,4,10,11,2.1202,0.4909,0.3010,0.2418,0.0027,0.0121,1.3011
6,4,11,8,2.2524,0.4915,0.4548,0.2536,0.0027,0.0122,1.2783
6,5,2,7,2.6828,0.7257,1.0037,0.6315,0.0063,0.0087,0.9291
6,5,3,9,2.5686,0.7532,0.4974,0.1436,0.0050,0.0127,1.2870
6,5,4,8,2.3595,0.6982,0.4168,0.1504,0.0054,0.0119,1.2150
6,5,5,11,2.3127,0.6306,0.4339,0.1745,0.0029,0.0121,1.2208
6,5,6,11,2.2662,0.5987,0.3955,0.1842,0.0038,0.0121,1.2437
6,5,7,11,2.2939,0.5602,0.4908,0.2013,0.0042,0.0120,1.2146
6,5,8,12,2.2493,0.5195,0.4937,0.2142,0.0043,0.0120,1.2076
6,5,9,11,2.1387,0.5096,0.3321,0.2330,0.0032,0.0119,1.2697
6,5,10,11,2.1323,0.4841,0.3170,0.2478,0.0030,0.0120,1.3041
6,5,11,8,2.2518,0.4702,0.4781,0.2742,0.0044,0.0121,1.2743
6,6,2,7,2.5199,0.7101,0.8903,0.5102,0.0056,0.0083,0.8969
6,6,3,9,2.5426,0.7326,0.4977,0.1391,0.0062,0.0126,1.2803
6,6,4,8,2.3609,0.6785,0.4413,0.1566,0.0043,0.0119,1.2126
6,6,5,11,2.3054,0.6088,0.4455,0.1831,0.0053,0.0120,1.2212
6,6,6,11,2.2714,0.5815,0.4255,0.1977,0.0056,0.0120,1.2344
6,6,7,12,2.3212,0.5452,0.5163,0.2200,0.0034,0.0122,1.2315
6,6,8,12,2.2760,0.5149,0.5226,0.2190,0.0026,0.0122,1.2116
6,6,9,11,2.1801,0.5021,0.3690,0.2346,0.0032,0.0121,1.2813
6,6,10,11,2.1422,0.4828,0.3142,0.2498,0.0028,0.0121,1.3178
6,6,11,8,2.2715,0.4713,0.4511,0.2759,0.0138,0.0122,1.3101
6,7,2,7,2.5630,0.7029,0.7950,0.4185,0.0080,0.0098,1.0370
6,7,3,9,2.5200,0.7075,0.5204,0.1413,0.0063,0.0124,1.2604
6,7,4,8,2.3663,0.6506,0.4773,0.1633,0.0063,0.0118,1.2081
6,7,5,12,2.3818,0.5913,0.5231,0.1878,0.0032,0.0123,1.2394
6,7,6,11,2.2814,0.5741,0.4582,0.2055,0.0036,0.0119,1.2214
6,7,7,11,2.3145,0.5399,0.5305,0.2272,0.0040,0.0120,1.2158
6,7,8,13,2.3208,0.5164,0.5395,0.2307,0.0029,0.0122,1.2376
6,7,9,12,2.2129,0.5027,0.3966,0.2383,0.0027,0.0122,1.2863
6,7,10,11,2.1604,0.4842,0.3343,0.2608,0.0031,0.0121,1.3143
6,7,11,8,2.2756,0.4648,0.4696,0.2762,0.0089,0.0121,1.3072
6,11,2,7,2.5628,0.7058,0.7937,0.4227,0.0080,0.0098,1.0352
6,11,3,9,2.5167,0.6896,0.5297,0.1415,0.0057,0.0124,1.2663
6,11,4,8,2.3661,0.6254,0.5092,0.1696,0.0048,0.0117,1.2028
6,11,5,10,2.3080,0.5906,0.4694,0.1895,0.0045,0.0119,1.2193
6,11,6,11,2.3002,0.5679,0.4804,0.2095,0.0035,0.0120,1.2242
6,11,7,12,2.3529,0.5362,0.5637,0.2280,0.0026,0.0122,1.2257
6,11,8,13,2.3493,0.5092,0.5804,0.2394,0.0025,0.0122,1.2327
6,11,9,12,2.2129,0.5025,0.3843,0.2413,0.0027,0.0122,1.2987
6,11,10,11,2.1862,0.4811,0.3586,0.2594,0.0026,0.0121,1.3192
6,11,11,8,2.3008,0.4618,0.4944,0.2797,0.0077,0.0121,1.3118
6,13,2,7,2.0354,0.7011,0.5260,0.1520,0.0028,0.0069,0.7915
6,13,3,9,2.5175,0.6759,0.5431,0.1428,0.0059,0.0123,1.2673
6,13,4,8,2.3701,0.6275,0.5145,0.1736,0.0061,0.0117,1.1982
6,13,5,10,2.3367,0.5893,0.5018,0.1948,0.0018,0.0118,1.2198
6,13,6,12,2.3520,0.5690,0.5183,0.2132,0.0023,0.0122,1.2377
6,13,7,11,2.3649,0.5360,0.5952,0.2376,0.0028,0.0120,1.2067
6,13,8,13,2.3733,0.5162,0.5968,0.2482,0.0024,0.0122,1.2333
6,13,9,12,2.2285,0.5093,0.3997,0.2393,0.0055,0.0122,1.2894
6,13,10,11,2.2016,0.4814,0.3806,0.2744,0.0040,0.0121,1.3111
6,13,11,8,2.3116,0.4635,0.4966,0.2732,0.0081,0.0122,1.3181
6,14,2,9,2.9236,0.7165,0.8079,0.2292,0.0078,0.0135,1.3633
6,14,3,8,2.5029,0.6710,0.5515,0.1433,0.0050,0.0122,1.2500
6,14,4,9,2.3961,0.6291,0.5334,0.1767,0.0034,0.0118,1.2061
6,14,5,10,2.3410,0.5910,0.4963,0.1955,0.0018,0.0120,1.2278
6,14,6,12,2.3658,0.5715,0.5189,0.2106,0.0033,0.0122,1.2472
6,14,7,12,2.3842,0.5392,0.6002,0.2357,0.0025,0.0122,1.2177
6,14,8,13,2.3819,0.5142,0.6066,0.2409,0.0032,0.0123,1.2333
6,14,9,11,2.2189,0.5071,0.4109,0.2458,0.0045,0.0120,1.2722
6,14,10,8,2.4037,0.4773,0.5993,0.2668,0.0062,0.0123,1.2954
6,14,11,9,2.3254,0.4628,0.5005,0.2757,0.0064,0.0123,1.3302
6,15,2,8,2.7265,0.7077,0.6586,0.1743,0.0065,0.0128,1.3273
6,15,3,9,2.5031,0.6668,0.5476,0.1480,0.0052,0.0123,1.2580
6,15,4,9,2.3972,0.6271,0.5324,0.1774,0.0043,0.0119,1.2092
6,15,5,11,2.3428,0.5895,0.4927,0.1973,0.0022,0.0121,1.2339
6,15,6,11,2.3309,0.5631,0.5303,0.2208,0.0021,0.0120,1.2111
6,15,7,12,2.3747,0.5332,0.6059,0.2388,0.0034,0.0121,1.2076
6,15,8,11,2.2518,0.5147,0.4339,0.2423,0.0042,0.0120,1.2748
6,15,9,11,2.2092,0.5037,0.3961,0.2438,0.0016,0.0120,1.2834
6,15,10,8,2.3951,0.4704,0.6002,0.2718,0.0071,0.0123,1.2918
6,15,11,8,2.3383,0.4623,0.5409,0.2862,0.0058,0.0121,1.3046
7,1,2,8,2.8194,0.7653,0.9077,0.4705,0.0080,0.0104,1.1170
7,1,3,7,2.3528,0.7191,0.6831,0.1923,0.0049,0.0082,0.9289
7,1,4,8,2.5402,0.7679,0.4215,0.1529,0.0062,0.0129,1.3178
7,1,5,10,2.4464,0.7292,0.3729,0.1599,0.0031,0.0127,1.3151
7,1,6,12,2.3868,0.6989,0.3212,0.1842,0.0020,0.0130,1.3383
7,1,7,11,2.3941,0.6688,0.3765,0.2201,0.0030,0.0129,1.3199
7,1,8,13,2.3953,0.6336,0.3868,0.2251,0.0031,0.0131,1.3453
7,1,9,12,2.4188,0.6032,0.4655,0.2463,0.0030,0.0131,1.3206
7,1,10,8,2.4046,0.5656,0.4012,0.2689,0.0069,0.0131,1.4037
7,1,11,8,2.4512,0.5613,0.4774,0.2545,0.0086,0.0133,1.3763
7,2,2,8,2.8144,0.7501,0.9331,0.4674,0.0081,0.0104,1.1017
7,2,3,7,2.2659,0.7156,0.6103,0.1953,0.0041,0.0081,0.9193
7,2,4,8,2.5089,0.7789,0.3916,0.1507,0.0054,0.0128,1.3066
7,2,5,11,2.4486,0.7211,0.3706,0.1667,0.0042,0.0130,1.3265
7,2,6,12,2.4034,0.6931,0.3344,0.1845,0.0032,0.0131,1.3463
7,2,7,11,2.3867,0.6604,0.3753,0.2102,0.0031,0.0129,1.3217
7,2,8,13,2.3912,0.6183,0.3941,0.2259,0.0030,0.0132,1.3492
7,2,9,12,2.4153,0.5973,0.4709,0.2469,0.0023,0.0131,1.3182
7,2,10,8,2.4158,0.5502,0.4215,0.2647,0.0058,0.0131,1.4113
7,2,11,8,2.4461,0.5535,0.4793,0.2582,0.0065,0.0133,1.3792
7,3,2,8,2.7490,0.7394,0.8764,0.3944,0.0080,0.0104,1.1037
7,3,3,7,1.9882,0.7107,0.4298,0.1641,0.0019,0.0069,0.8320
7,3,4,8,2.5160,0.7684,0.4094,0.1554,0.0050,0.0128,1.3068
7,3,5,11,2.4551,0.7135,0.3774,0.1682,0.0028,0.0131,1.3348
7,3,6,12,2.4190,0.6831,0.3723,0.1929,0.0027,0.0130,1.3345
7,3,7,11,2.3851,0.6386,0.3845,0.2099,0.0020,0.0130,1.3336
7,3,8,13,2.3983,0.6108,0.4082,0.2306,0.0021,0.0132,1.3506
7,3,9,13,2.4312,0.5696,0.4979,0.2493,0.0046,0.0132,1.3326
7,3,10,9,2.4206,0.5304,0.4224,0.2706,0.0064,0.0133,1.4340
7,3,11,8,2.4485,0.5306,0.5002,0.2692,0.0029,0.0133,1.3875
7,4,2,7,2.7495,0.7364,0.9030,0.4245,0.0080,0.0102,1.0810
7,4,3,8,2.0044,0.7040,0.4568,0.1668,0.0019,0.0070,0.8276
7,4,4,8,2.5155,0.7551,0.4281,0.1625,0.0060,0.0127,1.3004
7,4,5,10,2.4395,0.6901,0.3908,0.1761,0.0019,0.0129,1.3304
7,4,6,12,2.4183,0.6657,0.3881,0.1912,0.0027,0.0131,1.3354
7,4,7,12,2.4137,0.6238,0.4250,0.2120,0.0029,0.0130,1.3357
7,4,8,13,2.4179,0.5920,0.4478,0.2330,0.0018,0.0132,1.3496
7,4,9,12,2.4144,0.5531,0.5086,0.2501,0.0021,0.0130,1.3243
7,4,10,8,2.4393,0.5229,0.4690,0.2713,0.0083,0.0131,1.4119
7,4,11,8,2.4396,0.5196,0.5112,0.2798,0.0078,0.0132,1.3736
7,5,2,7,2.7034,0.7250,0.8627,0.3889,0.0080,0.0102,1.0864
7,5,3,9,2.9033,0.7484,0.6887,0.2038,0.0063,0.0141,1.4308
7,5,4,9,2.5467,0.7333,0.4661,0.1676,0.0097,0.0129,1.3114
7,5,5,12,2.4546,0.6684,0.4069,0.1828,0.0080,0.0131,1.3448
7,5,6,12,2.4333,0.6294,0.4322,0.1956,0.0041,0.0130,1.3413
7,5,7,13,2.4447,0.6025,0.4472,0.2142,0.0028,0.0133,1.3655
7,5,8,13,2.4409,0.5679,0.4955,0.2365,0.0020,0.0132,1.3490
7,5,9,13,2.4681,0.5442,0.5273,0.2430,0.0142,0.0132,1.3557
7,5,10,8,2.4949,0.5088,0.5328,0.2831,0.0087,0.0131,1.4176
7,5,11,8,2.4655,0.5072,0.4930,0.2934,0.0196,0.0132,1.4183
7,6,2,7,2.7042,0.7166,0.8811,0.4029,0.0081,0.0103,1.0773
7,6,3,9,2.7855,0.7274,0.6277,0.1726,0.0063,0.0137,1.3960
7,6,4,10,2.5118,0.7169,0.4461,0.1633,0.0028,0.0128,1.3197
7,6,5,11,2.4417,0.6502,0.4252,0.1967,0.0034,0.0129,1.3367
7,6,6,13,2.4697,0.6132,0.4478,0.2013,0.0143,0.0132,1.3679
7,6,7,12,2.4414,0.5821,0.4958,0.2203,0.0031,0.0129,1.3342
7,6,8,12,2.4564,0.5581,0.5365,0.2357,0.0082,0.0130,1.3275
7,6,9,13,2.4932,0.5284,0.5950,0.2542,0.0061,0.0131,1.3372
7,6,10,8,2.5160,0.5089,0.5424,0.2728,0.0065,0.0132,1.4308
7,6,11,8,2.4855,0.4964,0.5279,0.2881,0.0101,0.0132,1.4237
7,7,2,7,2.5680,0.7062,0.8778,0.3938,0.0191,0.0088,0.9468
7,7,3,8,2.7611,0.7141,0.6481,0.1763,0.0075,0.0133,1.3640
7,7,4,11,2.5625,0.6956,0.5007,0.1711,0.0108,0.0130,1.3291
7,7,5,12,2.4704,0.6236,0.4622,0.2087,0.0120,0.0130,1.3459
7,7,6,13,2.5396,0.6011,0.5529,0.2082,0.0029,0.0133,1.3559
7,7,7,12,2.4705,0.5749,0.5207,0.2279,0.0068,0.0130,1.3419
7,7,8,12,2.4924,0.5531,0.5788,0.2478,0.0062,0.0130,1.3280
7,7,9,14,2.5334,0.5323,0.6103,0.2588,0.0039,0.0134,1.3599
7,7,10,8,2.5749,0.5110,0.6003,0.2813,0.0124,0.0132,1.4241
7,7,11,8,2.5055,0.4858,0.5619,0.2915,0.0062,0.0132,1.4242
7,11,2,7,2.5359,0.7078,0.7073,0.2389,0.0120,0.0102,1.0877
7,11,3,9,2.7522,0.6999,0.6388,0.1720,0.0062,0.0135,1.3792
7,11,4,10,2.5532,0.6791,0.5189,0.1746,0.0061,0.0129,1.3231
7,11,5,12,2.4701,0.6201,0.4799,0.2019,0.0054,0.0130,1.3383
7,11,6,12,2.5146,0.6009,0.5360,0.2138,0.0038,0.0131,1.3473
7,11,7,12,2.4776,0.5700,0.5382,0.2325,0.0044,0.0130,1.3387
7,11,8,12,2.4777,0.5530,0.5632,0.2394,0.0046,0.0130,1.3307
7,11,9,14,2.5419,0.5353,0.6087,0.2599,0.0034,0.0135,1.3674
7,11,10,8,2.5840,0.5117,0.6130,0.2791,0.0107,0.0132,1.4217
7,11,11,8,2.5181,0.4783,0.5821,0.2924,0.0065,0.0133,1.4237
7,13,2,7,2.5314,0.6970,0.7239,0.2550,0.0118,0.0102,1.0776
7,13,3,9,2.7339,0.6918,0.6454,0.1726,0.0058,0.0134,1.3635
7,13,4,10,2.5375,0.6658,0.5139,0.1767,0.0021,0.0129,1.3296
7,13,5,11,2.4814,0.6224,0.5006,0.2143,0.0026,0.0129,1.3296
7,13,6,12,2.5368,0.5993,0.5712,0.2301,0.0022,0.0131,1.3376
7,13,7,13,2.5681,0.5696,0.6517,0.2439,0.0045,0.0131,1.3158
7,13,8,12,2.5168,0.5532,0.6021,0.2509,0.0033,0.0130,1.3318
7,13,9,11,2.3888,0.5348,0.4379,0.2679,0.0033,0.0129,1.3867
7,13,10,9,2.6104,0.5129,0.6321,0.2861,0.0071,0.0134,1.4309
7,13,11,8,2.5382,0.4831,0.5928,0.2893,0.0105,0.0132,1.4243
7,14,2,7,2.5353,0.6951,0.7240,0.2507,0.0171,0.0103,1.0780
7,14,3,8,2.7477,0.6981,0.6653,0.1680,0.0056,0.0132,1.3514
7,14,4,10,2.5568,0.6654,0.5251,0.1777,0.0080,0.0129,1.3321
7,14,5,12,2.5373,0.6222,0.5334,0.2112,0.0030,0.0132,1.3520
7,14,6,12,2.5511,0.5974,0.5856,0.2374,0.0042,0.0131,1.3373
7,14,7,12,2.5735,0.5719,0.6615,0.2486,0.0031,0.0131,1.3106
7,14,8,12,2.5264,0.5536,0.6136,0.2562,0.0050,0.0130,1.3278
7,14,9,8,2.5458,0.5358,0.5804,0.2684,0.0104,0.0131,1.3920
7,14,10,8,2.6024,0.5109,0.6422,0.2891,0.0084,0.0132,1.4139
7,14,11,8,2.5673,0.4836,0.6264,0.3017,0.0167,0.0131,1.4132
7,15,2,7,2.5380,0.6973,0.7298,0.2462,0.0177,0.0102,1.0722
7,15,3,8,2.6575,0.6906,0.6108,0.1735,0.0054,0.0129,1.3240
7,15,4,10,2.5344,0.6573,0.5155,0.1863,0.0040,0.0129,1.3314
7,15,5,11,2.5035,0.6189,0.5207,0.2154,0.0020,0.0130,1.3354
7,15,6,12,2.5725,0.5897,0.6208,0.2360,0.0029,0.0131,1.3326
7,15,7,12,2.5124,0.5725,0.5688,0.2431,0.0020,0.0131,1.3425
7,15,8,12,2.5351,0.5504,0.6203,0.2568,0.0062,0.0130,1.3318
7,15,9,8,2.5555,0.5250,0.6155,0.2749,0.0131,0.0131,1.3750
7,15,10,8,2.6028,0.5061,0.6494,0.2873,0.0113,0.0132,1.4086
7,15,11,8,2.5715,0.4826,0.6328,0.3026,0.0121,0.0131,1.4165
8,1,2,7,2.8308,0.7733,0.8731,0.3733,0.0086,0.0106,1.1539
8,1,3,8,2.1214,0.7379,0.5096,0.1569,0.0026,0.0071,0.8569
8,1,4,10,2.6422,0.7732,0.4404,0.1624,0.0024,0.0137,1.3981
8,1,5,12,2.6349,0.7261,0.4488,0.1835,0.0041,0.0139,1.4276
8,1,6,12,2.5356,0.7089,0.3665,0.1860,0.0026,0.0138,1.4298
8,1,7,13,2.5477,0.6868,0.3936,0.2058,0.0026,0.0139,1.4364
8,1,8,11,2.5183,0.6391,0.4326,0.2330,0.0030,0.0137,1.4158
8,1,9,9,2.7751,0.6017,0.7269,0.3569,0.0081,0.0139,1.4098
8,1,10,10,2.7446,0.5758,0.7501,0.3350,0.0068,0.0138,1.3836
8,1,11,9,2.5483,0.5780,0.5019,0.2555,0.0028,0.0139,1.4373
8,2,2,7,2.8318,0.7657,0.8903,0.3814,0.0088,0.0107,1.1449
8,2,3,9,2.8761,0.8195,0.5794,0.1572,0.0070,0.0142,1.4413
8,2,4,9,2.6227,0.7689,0.4389,0.1632,0.0051,0.0135,1.3822
8,2,5,11,2.6272,0.7309,0.4465,0.1791,0.0060,0.0137,1.4158
8,2,6,12,2.5436,0.7112,0.3740,0.1922,0.0030,0.0138,1.4275
8,2,7,13,2.5611,0.6760,0.4109,0.2058,0.0029,0.0140,1.4428
8,2,8,12,2.5250,0.6136,0.4495,0.2330,0.0032,0.0138,1.4306
8,2,9,9,2.7520,0.5831,0.7229,0.3575,0.0077,0.0139,1.4097
8,2,10,8,2.4669,0.5586,0.4027,0.2811,0.0062,0.0136,1.4715
8,2,11,9,2.5423,0.5635,0.5122,0.2554,0.0028,0.0138,1.4357
8,3,2,7,2.6928,0.7649,0.7446,0.2593,0.0080,0.0106,1.1534
8,3,3,8,2.8157,0.8128,0.5500,0.1541,0.0078,0.0139,1.4165
8,3,4,10,2.6830,0.7790,0.4676,0.1637,0.0039,0.0137,1.4044
8,3,5,11,2.6127,0.7129,0.4492,0.1869,0.0040,0.0137,1.4187
8,3,6,12,2.5526,0.6919,0.3982,0.1876,0.0029,0.0138,1.4316
8,3,7,13,2.5572,0.6538,0.4326,0.2025,0.0030,0.0140,1.4395
8,3,8,12,2.5224,0.6003,0.4627,0.2316,0.0033,0.0137,1.4283
8,3,9,10,2.7582,0.5666,0.7244,0.3445,0.0067,0.0140,1.4318
8,3,10,8,2.4732,0.5417,0.4201,0.2848,0.0063,0.0136,1.4772
8,3,11,9,2.5441,0.5466,0.5196,0.2674,0.0029,0.0139,1.4466
8,4,2,7,2.7093,0.7670,0.7644,0.2685,0.0081,0.0106,1.1479
8,4,3,8,2.8023,0.8120,0.5442,0.1571,0.0064,0.0138,1.4111
8,4,4,10,2.6474,0.7459,0.4690,0.1758,0.0051,0.0137,1.3996
8,4,5,11,2.5850,0.6963,0.4301,0.1898,0.0033,0.0138,1.4272
8,4,6,12,2.5624,0.6691,0.4254,0.1903,0.0031,0.0138,1.4368
8,4,7,12,2.5314,0.6373,0.4351,0.2045,0.0032,0.0138,1.4278
8,4,8,12,2.5442,0.5773,0.5033,0.2427,0.0032,0.0138,1.4322
8,4,9,9,2.7471,0.5486,0.7408,0.3689,0.0072,0.0138,1.4219
8,4,10,8,2.5006,0.5272,0.4514,0.2808,0.0068,0.0136,1.4872
8,4,11,9,2.5615,0.5282,0.5588,0.2985,0.0031,0.0138,1.4432
8,5,2,7,2.5450,0.7578,0.7617,0.2448,0.0049,0.0091,1.0019
8,5,3,9,2.7989,0.7811,0.5594,0.1569,0.0060,0.0140,1.4236
8,5,4,10,2.6406,0.7186,0.4873,0.1772,0.0033,0.0137,1.4036
8,5,5,12,2.6048,0.6729,0.4591,0.1946,0.0057,0.0139,1.4388
8,5,6,13,2.5971,0.6463,0.4606,0.2009,0.0045,0.0140,1.4574
8,5,7,13,2.5832,0.6122,0.4881,0.2101,0.0047,0.0140,1.4500
8,5,8,13,2.5899,0.5609,0.5671,0.2549,0.0025,0.0140,1.4311
8,5,9,9,2.7676,0.5346,0.7738,0.3699,0.0065,0.0138,1.4241
8,5,10,8,2.5238,0.5203,0.4758,0.2794,0.0055,0.0136,1.4944
8,5,11,8,2.4840,0.5128,0.4735,0.3127,0.0065,0.0135,1.4631
8,6,2,7,2.5673,0.7428,0.6322,0.1648,0.0092,0.0106,1.1612
8,6,3,8,2.7960,0.7596,0.5919,0.1604,0.0059,0.0138,1.4100
8,6,4,11,2.6694,0.7022,0.5150,0.1770,0.0031,0.0138,1.4210
8,6,5,11,2.5975,0.6500,0.4870,0.2068,0.0049,0.0137,1.4276
8,6,6,13,2.6737,0.6245,0.5862,0.2140,0.0030,0.0140,1.4315
8,6,7,12,2.6069,0.5901,0.5601,0.2298,0.0044,0.0137,1.4243
8,6,8,13,2.5930,0.5550,0.5745,0.2515,0.0023,0.0139,1.4331
8,6,9,9,2.7957,0.5273,0.8292,0.3678,0.0063,0.0138,1.4044
8,6,10,8,2.5566,0.5174,0.5126,0.2834,0.0072,0.0136,1.4916
8,6,11,9,2.5090,0.5092,0.4815,0.2991,0.0066,0.0137,1.4832
8,7,2,7,2.5648,0.7299,0.6618,0.1729,0.0085,0.0106,1.1426
8,7,3,9,2.8351,0.7281,0.6448,0.1659,0.0083,0.0139,1.4251
8,7,4,11,2.6968,0.6800,0.5761,0.1849,0.0030,0.0138,1.4097
8,7,5,11,2.6073,0.6316,0.5273,0.2147,0.0046,0.0137,1.4160
8,7,6,12,2.6680,0.6126,0.5993,0.2279,0.0028,0.0138,1.4253
8,7,7,13,2.6513,0.5901,0.5828,0.2366,0.0057,0.0140,1.4444
8,7,8,12,2.6298,0.5595,0.6194,0.2610,0.0048,0.0138,1.4181
8,7,9,10,2.8187,0.5329,0.8354,0.3485,0.0079,0.0139,1.4140
8,7,10,8,2.5869,0.5236,0.5448,0.2898,0.0120,0.0135,1.4784
8,7,11,9,2.5312,0.4983,0.5032,0.2966,0.0071,0.0137,1.4946
8,11,2,7,2.5249,0.7315,0.6106,0.1603,0.0081,0.0106,1.1528
8,11,3,9,2.7381,0.7188,0.5889,0.1638,0.0055,0.0136,1.3971
8,11,4,11,2.6749,0.6569,0.5787,0.1931,0.0034,0.0137,1.4079
8,11,5,12,2.6355,0.6308,0.5328,0.2149,0.0059,0.0139,1.4378
8,11,6,12,2.6611,0.6108,0.5810,0.2260,0.0045,0.0139,1.4365
8,11,7,12,2.6229,0.5891,0.5740,0.2461,0.0036,0.0137,1.4283
8,11,8,12,2.6364,0.5578,0.6310,0.2659,0.0034,0.0137,1.4164
8,11,9,9,2.8221,0.5325,0.8659,0.3664,0.0068,0.0137,1.3886
8,11,10,9,2.6014,0.5152,0.5833,0.2935,0.0080,0.0138,1.4668
8,11,11,9,2.5610,0.4968,0.5204,0.2966,0.0060,0.0138,1.5093
8,13,2,8,2.5435,0.7302,0.6272,0.1677,0.0081,0.0107,1.1559
8,13,3,9,2.7274,0.6990,0.5960,0.1633,0.0062,0.0136,1.3984
8,13,4,11,2.7058,0.6578,0.6213,0.1961,0.0021,0.0137,1.3970
8,13,5,11,2.6342,0.6332,0.5472,0.2212,0.0050,0.0137,1.4208
8,13,6,12,2.6917,0.6139,0.6165,0.2360,0.0029,0.0138,1.4303
8,13,7,11,2.6939,0.5877,0.6857,0.2587,0.0031,0.0137,1.3895
8,13,8,12,2.6566,0.5505,0.6501,0.2678,0.0033,0.0138,1.4248
8,13,9,10,2.8287,0.5352,0.8676,0.3173,0.0072,0.0138,1.3904
8,13,10,9,2.6190,0.5182,0.6010,0.2989,0.0076,0.0138,1.4640
8,13,11,8,2.5559,0.4938,0.5323,0.3004,0.0067,0.0135,1.4948
8,14,2,8,2.2729,0.7274,0.6049,0.1981,0.0040,0.0083,0.9197
8,14,3,9,2.7362,0.7023,0.6007,0.1660,0.0060,0.0137,1.3991
8,14,4,12,2.7265,0.6607,0.6352,0.2072,0.0031,0.0138,1.3996
8,14,5,13,2.6672,0.6336,0.5577,0.2164,0.0025,0.0140,1.4450
8,14,6,12,2.6867,0.6122,0.6197,0.2423,0.0043,0.0138,1.4225
8,14,7,11,2.7035,0.5890,0.6937,0.2603,0.0027,0.0137,1.3903
8,14,8,13,2.6956,0.5549,0.6782,0.2749,0.0024,0.0140,1.4317
8,14,9,9,2.8214,0.5370,0.8689,0.3601,0.0072,0.0135,1.3803
8,14,10,8,2.6168,0.5132,0.6278,0.2998,0.0093,0.0135,1.4387
8,14,11,8,2.5736,0.5016,0.5538,0.3034,0.0091,0.0135,1.4814
8,15,2,8,2.1095,0.7157,0.5328,0.1921,0.0024,0.0075,0.8436
8,15,3,8,2.7228,0.6938,0.6207,0.1724,0.0057,0.0135,1.3751
8,15,4,11,2.7006,0.6608,0.6083,0.2030,0.0027,0.0137,1.4010
8,15,5,11,2.6489,0.6291,0.5827,0.2257,0.0042,0.0137,1.4050
8,15,6,12,2.6728,0.6101,0.6024,0.2397,0.0033,0.0139,1.4288
8,15,7,12,2.7070,0.5873,0.6775,0.2619,0.0026,0.0139,1.4113
8,15,8,13,2.6845,0.5510,0.6801,0.2773,0.0025,0.0139,1.4227
8,15,9,9,2.8090,0.5305,0.8577,0.3624,0.0069,0.0136,1.3859
8,15,10,8,2.6078,0.5113,0.6208,0.2977,0.0076,0.0135,1.4402
8,15,11,8,2.5837,0.4988,0.5754,0.3149,0.0094,0.0135,1.4724
9,1,2,7,2.7184,0.7782,0.6897,0.1869,0.0191,0.0108,1.2090
9,1,3,7,2.2069,0.7434,0.4818,0.1740,0.0032,0.0082,0.9620
9,1,4,9,2.7251,0.8048,0.4509,0.1610,0.0047,0.0141,1.4360
9,1,5,11,2.7241,0.7714,0.4578,0.1756,0.0046,0.0143,1.4614
9,1,6,12,2.6002,0.7191,0.3562,0.1954,0.0018,0.0143,1.4942
9,1,7,12,2.6260,0.6878,0.4262,0.2173,0.0015,0.0143,1.4814
9,1,8,12,2.6232,0.6470,0.4390,0.2487,0.0023,0.0144,1.5058
9,1,9,13,2.6698,0.6196,0.5424,0.2641,0.0033,0.0144,1.4754
9,1,10,9,2.8019,0.5938,0.7764,0.3112,0.0061,0.0140,1.3967
9,1,11,8,2.5912,0.5919,0.5050,0.2630,0.0032,0.0141,1.4624
9,2,2,7,2.7248,0.7775,0.7174,0.1924,0.0151,0.0108,1.1924
9,2,3,8,2.2216,0.7434,0.5036,0.1789,0.0019,0.0082,0.9561
9,2,4,9,2.7125,0.8046,0.4490,0.1673,0.0039,0.0139,1.4264
9,2,5,10,2.7109,0.7685,0.4598,0.1780,0.0057,0.0141,1.4480
9,2,6,12,2.6362,0.7232,0.3860,0.1972,0.0031,0.0142,1.4950
9,2,7,13,2.6372,0.6812,0.4175,0.2213,0.0029,0.0144,1.5066
9,2,8,12,2.6266,0.6288,0.4659,0.2572,0.0023,0.0142,1.5007
9,2,9,14,2.6608,0.6005,0.5291,0.2742,0.0025,0.0147,1.4990
9,2,10,9,2.8143,0.5829,0.7915,0.3237,0.0078,0.0140,1.4033
9,2,11,8,2.5772,0.5733,0.5113,0.2634,0.0031,0.0140,1.4609
9,3,2,7,2.6888,0.7733,0.6909,0.1761,0.0145,0.0108,1.1877
9,3,3,8,2.2227,0.7422,0.5219,0.1784,0.0026,0.0080,0.9398
9,3,4,11,2.7632,0.8083,0.4654,0.1674,0.0030,0.0143,1.4574
9,3,5,10,2.6774,0.7644,0.4179,0.1753,0.0038,0.0141,1.4627
9,3,6,12,2.6334,0.7009,0.3969,0.1962,0.0019,0.0144,1.5044
9,3,7,13,2.6398,0.6668,0.4401,0.2304,0.0032,0.0144,1.5007
9,3,8,12,2.6206,0.6109,0.4762,0.2487,0.0026,0.0143,1.5020
9,3,9,9,2.7946,0.5807,0.7301,0.3258,0.0057,0.0141,1.4489
9,3,10,10,2.8168,0.5570,0.7908,0.3098,0.0082,0.0142,1.4317
9,3,11,8,2.5739,0.5649,0.5193,0.2661,0.0032,0.0140,1.4578
9,4,2,7,2.7000,0.7649,0.7154,0.1935,0.0187,0.0108,1.1785
9,4,3,8,2.1740,0.7383,0.5433,0.1702,0.0031,0.0074,0.8743
9,4,4,10,2.7422,0.7972,0.4626,0.1649,0.0074,0.0141,1.4461
9,4,5,10,2.6774,0.7337,0.4400,0.1835,0.0027,0.0142,1.4721
9,4,6,12,2.6267,0.6689,0.4233,0.2101,0.0030,0.0142,1.5026
9,4,7,12,2.6133,0.6415,0.4706,0.2201,0.0030,0.0141,1.4696
9,4,8,13,2.6695,0.5964,0.5397,0.2544,0.0040,0.0144,1.5005
9,4,9,9,2.7986,0.5681,0.7371,0.2971,0.0067,0.0142,1.4576
9,4,10,10,2.7996,0.5336,0.7822,0.3113,0.0075,0.0142,1.4472
9,4,11,9,2.6077,0.5388,0.5603,0.2956,0.0022,0.0142,1.4774
9,5,2,8,2.6783,0.7570,0.6983,0.1781,0.0116,0.0110,1.1885
9,5,3,8,2.9528,0.7941,0.6473,0.1637,0.0072,0.0145,1.4742
9,5,4,9,2.7323,0.7651,0.4794,0.1693,0.0074,0.0141,1.4512
9,5,5,11,2.6977,0.7163,0.4694,0.1948,0.0034,0.0143,1.4794
9,5,6,12,2.6467,0.6534,0.4610,0.2164,0.0022,0.0143,1.5011
9,5,7,13,2.6510,0.6124,0.5042,0.2292,0.0049,0.0143,1.5004
9,5,8,13,2.6664,0.5729,0.5550,0.2508,0.0029,0.0145,1.5063
9,5,9,10,2.8151,0.5508,0.7574,0.2900,0.0080,0.0144,1.4693
9,5,10,9,2.7986,0.5303,0.7892,0.3474,0.0069,0.0140,1.4433
9,5,11,8,2.5378,0.5235,0.4659,0.3106,0.0071,0.0139,1.5127
9,6,2,8,2.6758,0.7398,0.7305,0.1789,0.0106,0.0109,1.1725
9,6,3,9,2.9210,0.7725,0.6274,0.1659,0.0067,0.0146,1.4847
9,6,4,10,2.7450,0.7407,0.5155,0.1804,0.0083,0.0141,1.4516
9,6,5,11,2.6857,0.6879,0.4807,0.1955,0.0064,0.0142,1.4817
9,6,6,11,2.7364,0.6279,0.6155,0.2321,0.0093,0.0141,1.4551
9,6,7,13,2.6692,0.5979,0.5347,0.2362,0.0038,0.0143,1.5037
9,6,8,14,2.7110,0.5614,0.6014,0.2592,0.0085,0.0146,1.5102
9,6,9,9,2.8307,0.5485,0.8028,0.3268,0.0112,0.0141,1.4394
9,6,10,9,2.8247,0.5300,0.8154,0.3447,0.0082,0.0139,1.4422
9,6,11,8,2.5533,0.5156,0.4965,0.3112,0.0072,0.0138,1.5056
9,7,2,8,2.6374,0.7338,0.7088,0.1825,0.0084,0.0110,1.1640
9,7,3,9,2.9496,0.7532,0.6750,0.1687,0.0067,0.0145,1.4850
9,7,4,10,2.7571,0.7240,0.5523,0.1830,0.0055,0.0141,1.4463
9,7,5,12,2.7166,0.6647,0.5269,0.2125,0.0040,0.0143,1.4920
9,7,6,11,2.6830,0.6278,0.5401,0.2304,0.0043,0.0142,1.4820
9,7,7,13,2.7052,0.5974,0.5668,0.2419,0.0085,0.0143,1.5034
9,7,8,12,2.7107,0.5690,0.6290,0.2687,0.0064,0.0142,1.4773
9,7,9,9,2.8629,0.5520,0.8353,0.3312,0.0055,0.0142,1.4409
9,7,10,9,2.8810,0.5322,0.8704,0.3639,0.0058,0.0141,1.4435
9,7,11,8,2.5962,0.5058,0.5242,0.3035,0.0073,0.0140,1.5302
9,11,2,8,2.6444,0.7369,0.7069,0.1776,0.0086,0.0110,1.1694
9,11,3,9,2.9524,0.7413,0.6787,0.1669,0.0066,0.0145,1.4960
9,11,4,11,2.8017,0.7128,0.6050,0.1879,0.0030,0.0142,1.4522
9,11,5,13,2.7409,0.6566,0.5430,0.2159,0.0073,0.0145,1.5044
9,11,6,12,2.6936,0.6213,0.5418,0.2316,0.0064,0.0144,1.4949
9,11,7,13,2.7121,0.5950,0.5760,0.2548,0.0062,0.0144,1.5058
9,11,8,12,2.7211,0.5641,0.6375,0.2664,0.0051,0.0143,1.4853
9,11,9,10,2.8661,0.5532,0.8132,0.3236,0.0059,0.0143,1.4643
9,11,10,9,2.6994,0.5293,0.5931,0.3096,0.0087,0.0142,1.5389
9,11,11,8,2.6152,0.5043,0.5430,0.3075,0.0059,0.0140,1.5332
9,13,2,7,2.5558,0.7313,0.6323,0.1697,0.0082,0.0108,1.1617
9,13,3,9,2.9329,0.7314,0.6812,0.1732,0.0070,0.0144,1.4834
9,13,4,10,2.8057,0.7012,0.6222,0.1980,0.0017,0.0141,1.4521
9,13,5,12,2.7527,0.6567,0.5732,0.2177,0.0027,0.0143,1.4910
9,13,6,11,2.7211,0.6245,0.5876,0.2376,0.0036,0.0141,1.4767
9,13,7,12,2.7410,0.5820,0.6385,0.2665,0.0034,0.0143,1.4883
9,13,8,13,2.7372,0.5641,0.6486,0.2854,0.0084,0.0144,1.4869
9,13,9,9,2.8784,0.5543,0.8606,0.3212,0.0059,0.0141,1.4285
9,13,10,8,2.7204,0.5301,0.6115,0.3097,0.0217,0.0140,1.5284
9,13,11,8,2.6207,0.5086,0.5599,0.3084,0.0075,0.0138,1.5162
9,14,2,8,2.5723,0.7273,0.6437,0.1759,0.0081,0.0110,1.1706
9,14,3,9,2.8485,0.7259,0.6486,0.1845,0.0062,0.0141,1.4391
9,14,4,11,2.8344,0.7026,0.6431,0.1979,0.0029,0.0142,1.4568
9,14,5,11,2.7454,0.6523,0.5853,0.2235,0.0072,0.0141,1.4718
9,14,6,11,2.7900,0.6217,0.6732,0.2412,0.0025,0.0142,1.4636
9,14,7,12,2.7626,0.5866,0.6530,0.2761,0.0024,0.0142,1.4916
9,14,8,13,2.7528,0.5632,0.6803,0.2878,0.0027,0.0143,1.4776
9,14,9,9,2.8850,0.5543,0.8801,0.3121,0.0063,0.0140,1.4154
9,14,10,9,2.7269,0.5299,0.6115,0.3090,0.0239,0.0142,1.5325
9,14,11,9,2.6562,0.5065,0.5747,0.3152,0.0085,0.0142,1.5374
9,15,2,8,2.2957,0.7313,0.6019,0.2059,0.0044,0.0087,0.9406
9,15,3,8,2.8470,0.7233,0.6497,0.1777,0.0067,0.0140,1.4382
9,15,4,11,2.8326,0.6996,0.6466,0.1992,0.0028,0.0142,1.4547
9,15,5,11,2.7570,0.6446,0.6094,0.2329,0.0061,0.0141,1.4683
9,15,6,12,2.8119,0.6159,0.6927,0.2420,0.0041,0.0144,1.4699
9,15,7,12,2.7527,0.5853,0.6507,0.2768,0.0023,0.0143,1.4852
9,15,8,14,2.7921,0.5636,0.7028,0.2849,0.0026,0.0145,1.4937
9,15,9,9,2.8708,0.5480,0.8697,0.3211,0.0068,0.0140,1.4175
9,15,10,9,2.7259,0.5283,0.6172,0.3091,0.0200,0.0143,1.5309
9,15,11,8,2.6587,0.5105,0.5932,0.3178,0.0077,0.0140,1.5184
