core,br_big,br_busy,br_dw,br_dwb,br_dwm_us,br_dwn,br_jobs,br_meta,br_perm,br_rd,br_recs,br_sort,br_wr,mat_end,mat_len,nc_big,nc_busy,nc_dw,nc_dwb,nc_dwm_us,nc_dwn,nc_jobs,nc_meta,nc_perm,nc_rd,nc_recs,nc_sort,nc_wr,t0_batches,t0_busy_frac,t0_fill,t0_fill_cyc_rec,t0_fillw,t0_idle(pick),t0_jobs,t0_other,t0_recs,t0_tot,t1_band,t1_copy,t1_idle(tot-band),t1_mbw,t1_tot,t2_busy(pack+patch),t2_idle(waits),t2_mbw,t2_pack,t2_patch,t2_patch_cyc_rec,t2_patchw,t2_regw,t2_tot
1-10,0.0000,1.9774,0.1673,3.1379,126.9683,6.1724,6.1724,0.0067,0.3968,0.0288,11962.2414,1.3617,0.0139,2.1318,2.1318,0.0000,2.1188,0.3198,2.7241,250.7685,4.8276,4.8276,0.0053,0.3823,0.0443,12030.9655,1.3522,0.0131,192.4138,0.5605,1.1455,64.5364,0.0041,0.9442,11.0000,0.0372,23993.2069,2.1309,1.1862,0.0115,0.9451,0.0000,2.1313,0.3409,0.8726,0.0000,0.0098,0.3311,18.6260,0.8721,0.0005,2.1314
1-11,0.0000,2.0627,0.2281,3.0690,162.6801,6.2414,6.2414,0.0064,0.4149,0.0205,11967.9655,1.3773,0.0134,2.1214,2.1213,0.0000,2.0971,0.2017,1.9310,182.8722,3.6207,3.6207,0.0041,0.3983,0.0173,12486.4483,1.4620,0.0121,195.8621,0.5802,1.1831,65.5017,0.0042,0.8957,9.8621,0.0376,24454.4138,2.1205,1.2233,0.0117,0.8975,0.0000,2.1209,0.3474,0.9035,0.0000,0.0100,0.3374,18.6259,0.9030,0.0005,2.1210
1-2,0.0000,1.8268,0.0575,2.2069,46.7583,6.0000,6.0000,0.0065,0.3302,0.0792,11973.2069,1.3379,0.0134,2.6687,2.6686,2.2984,2.6686,0.3029,1.0000,302.9039,1.0000,1.0000,0.0010,0.0000,0.0000,8192.0000,0.0000,0.0065,160.0345,0.3844,0.9972,66.5285,0.0034,1.6415,7.0000,0.0257,20165.2069,2.6678,1.0320,0.0097,1.6361,0.0000,2.6681,0.2871,0.7710,0.0000,0.0082,0.2788,18.6681,0.7705,0.0005,2.6682
1-3,0.0000,1.9050,0.0969,2.0000,85.7553,6.1379,6.1379,0.0067,0.3484,0.0789,11958.0000,1.3574,0.0147,2.4182,2.4182,0.5625,2.3773,0.4086,1.6897,241.0176,1.6897,1.6897,0.0010,0.2807,0.0234,10519.4828,1.0742,0.0097,178.9310,0.4563,1.0753,66.3671,0.0038,1.3076,7.8276,0.0307,22477.4828,2.4174,1.1146,0.0108,1.3031,0.0000,2.4177,0.3200,0.8223,0.0000,0.0092,0.3108,18.6540,0.8216,0.0006,2.4179
1-4,0.0000,1.9766,0.1628,2.4138,142.6118,6.2759,6.2759,0.0068,0.3614,0.0721,11972.2069,1.3569,0.0146,2.3899,2.3899,0.0000,2.3899,0.5111,2.3448,330.3317,2.3448,2.3448,0.0013,0.4229,0.0272,13297.2759,1.4122,0.0141,201.0345,0.5022,1.1639,62.0793,0.0043,1.1858,8.6207,0.0352,25269.4828,2.3891,1.2064,0.0121,1.1831,0.0000,2.3895,0.3598,0.8766,0.0000,0.0103,0.3494,18.6712,0.8759,0.0006,2.3896
1-5,0.0000,2.0380,0.2376,2.4483,182.9668,6.3793,6.3793,0.0067,0.3586,0.0633,11971.2414,1.3559,0.0138,2.2882,2.2882,0.0000,2.2882,0.4768,2.8276,370.0184,3.0690,3.0690,0.0024,0.4187,0.0337,12623.0345,1.3423,0.0131,196.3793,0.5158,1.1443,62.6607,0.0042,1.1023,9.4483,0.0366,24594.2759,2.2874,1.1882,0.0118,1.0995,0.0000,2.2877,0.3500,0.8673,0.0000,0.0101,0.3399,18.6611,0.8668,0.0005,2.2878
1-6,0.0000,2.0776,0.2651,3.1724,186.9350,6.5172,6.5172,0.0068,0.3746,0.0571,11977.6897,1.3575,0.0142,2.2019,2.2019,0.0000,2.2017,0.4071,2.6897,352.8814,3.8966,3.8966,0.0037,0.4291,0.0381,12204.9655,1.3092,0.0130,193.5517,0.5324,1.1373,63.3043,0.0041,1.0228,10.4138,0.0368,24182.6552,2.2011,1.1816,0.0116,1.0199,0.0000,2.2014,0.3438,0.8663,0.0000,0.0099,0.3339,18.6465,0.8658,0.0005,2.2015
1-7,0.0000,2.0516,0.2468,2.9310,183.3621,6.2759,6.2759,0.0068,0.3816,0.0488,11950.8276,1.3514,0.0140,2.1661,2.1660,0.0000,2.1657,0.3819,2.6897,348.8560,4.6552,4.6552,0.0038,0.4311,0.0390,12023.6897,1.2952,0.0130,192.2414,0.5385,1.1295,63.4774,0.0041,0.9941,10.9310,0.0375,23974.5172,2.1652,1.1746,0.0115,0.9910,0.0000,2.1656,0.3408,0.8619,0.0000,0.0098,0.3310,18.6387,0.8614,0.0005,2.1657
1-8,0.0000,1.9876,0.1977,2.8621,154.9024,6.3793,6.3793,0.0068,0.3748,0.0407,11957.2069,1.3517,0.0136,2.1589,2.1588,0.0000,2.1585,0.3867,2.5517,367.9636,5.4483,5.4483,0.0049,0.4187,0.0436,11955.0000,1.2885,0.0141,191.9310,0.5396,1.1280,63.5316,0.0041,0.9885,11.8276,0.0375,23912.2069,2.1580,1.1763,0.0115,0.9821,0.0000,2.1584,0.3399,0.8658,0.0000,0.0098,0.3301,18.6402,0.8653,0.0005,2.1585
1-9,0.0000,1.9498,0.1576,2.8621,123.1345,6.2414,6.2414,0.0066,0.3811,0.0355,11947.7586,1.3534,0.0135,2.1746,2.1746,0.0000,2.1732,0.4063,2.4483,363.5984,5.3448,5.3448,0.0054,0.3942,0.0448,12036.8276,1.3060,0.0146,192.8276,0.5392,1.1255,63.3807,0.0041,1.0051,11.5862,0.0391,23984.5862,2.1738,1.1718,0.0115,1.0023,0.0000,2.1741,0.3410,0.8590,0.0000,0.0099,0.3312,18.6402,0.8585,0.0005,2.1742
11-10,0.0000,1.9734,0.1707,3.2414,117.1282,6.2759,6.2759,0.0069,0.3783,0.0223,11973.7931,1.3784,0.0148,2.1808,2.1807,0.0000,2.1807,0.1481,1.9655,134.6360,4.1379,4.1379,0.0044,0.4297,0.1509,12274.8621,1.4323,0.0134,194.5172,0.5712,1.2039,66.9684,0.0041,0.9341,10.4138,0.0377,24248.6552,2.1799,1.2495,0.0116,0.9307,0.0000,2.1802,0.3444,0.9341,0.0000,0.0100,0.3344,18.6190,0.9336,0.0005,2.1803
11-11,0.0000,1.9246,0.1497,3.1379,100.5331,6.2759,6.2759,0.0064,0.3776,0.0148,11966.5862,1.3603,0.0136,2.1682,2.1681,0.0000,2.1675,0.1838,1.4138,179.0858,3.4828,3.4828,0.0037,0.4055,0.1105,12574.3103,1.4498,0.0126,196.7241,0.5789,1.2080,66.4992,0.0042,0.9178,9.7586,0.0373,24540.8966,2.1673,1.2508,0.0118,0.9168,0.0000,2.1676,0.3485,0.9305,0.0000,0.0101,0.3384,18.6182,0.9300,0.0005,2.1677
11-2,0.0000,1.7893,0.0395,2.1724,28.8147,6.0345,6.0345,0.0064,0.3309,0.0769,11966.6897,1.3199,0.0135,2.3913,2.3912,1.6238,2.3890,0.2686,1.2069,213.0979,1.2069,1.2069,0.0011,0.0835,0.0271,7200.5517,0.3359,0.0063,153.3793,0.4024,0.9445,67.3414,0.0032,1.4145,7.2414,0.0281,19167.2414,2.3903,0.9830,0.0092,1.4077,0.0000,2.3907,0.2731,0.7338,0.0000,0.0079,0.2652,18.6714,0.7333,0.0005,2.3908
11-3,0.0000,1.8983,0.1271,2.0690,116.1860,6.2069,6.2069,0.0068,0.3369,0.0714,11977.0000,1.3405,0.0135,2.5278,2.5277,0.0000,2.5277,0.5202,2.0690,312.4837,2.0690,2.0690,0.0011,0.3967,0.1355,13790.1034,1.4616,0.0116,204.6552,0.4892,1.2003,62.8260,0.0043,1.2880,8.2759,0.0343,25767.1034,2.5269,1.2423,0.0123,1.2850,0.0000,2.5273,0.3669,0.9066,0.0000,0.0105,0.3564,18.6738,0.9058,0.0007,2.5274
11-4,0.0000,1.9447,0.1944,2.1379,162.1683,6.2759,6.2759,0.0068,0.3372,0.0632,11960.8276,1.3266,0.0143,2.3823,2.3823,0.0000,2.3823,0.4663,2.5862,329.7843,2.8966,2.8966,0.0026,0.3866,0.1366,12796.2069,1.3740,0.0151,197.4483,0.5034,1.1626,63.3206,0.0042,1.1787,9.1724,0.0360,24757.0345,2.3815,1.2078,0.0119,1.1740,0.0000,2.3818,0.3525,0.8852,0.0000,0.0101,0.3423,18.6698,0.8846,0.0006,2.3819
11-5,0.0000,1.9881,0.2402,2.3793,168.7603,6.5172,6.5172,0.0069,0.3403,0.0553,11965.9310,1.3272,0.0161,2.2943,2.2942,0.0000,2.2942,0.3937,2.8276,329.4566,3.8621,3.8621,0.0041,0.3913,0.1433,12320.2414,1.3445,0.0157,194.5172,0.5193,1.1541,64.0514,0.0041,1.0973,10.3793,0.0378,24286.1724,2.2934,1.2038,0.0117,1.0899,0.0000,2.2937,0.3455,0.8882,0.0000,0.0100,0.3355,18.6535,0.8877,0.0005,2.2939
11-6,0.0000,1.9710,0.2249,2.4828,163.2572,6.3793,6.3793,0.0067,0.3434,0.0475,11967.0690,1.3298,0.0166,2.2616,2.2616,0.0000,2.2616,0.3827,2.5862,343.9325,4.2414,4.2414,0.0044,0.3888,0.1462,12075.9310,1.3215,0.0165,192.5172,0.5211,1.1429,64.0655,0.0041,1.0771,10.6207,0.0366,24043.0000,2.2607,1.1905,0.0115,1.0706,0.0000,2.2611,0.3420,0.8784,0.0000,0.0099,0.3322,18.6542,0.8779,0.0005,2.2612
11-7,0.0000,1.9601,0.2250,2.6207,184.4629,6.3448,6.3448,0.0069,0.3432,0.0419,11951.6897,1.3250,0.0158,2.2484,2.2483,0.0000,2.2483,0.3705,2.4828,350.9896,5.2414,5.2414,0.0054,0.4049,0.1466,11973.4138,1.3024,0.0167,191.9310,0.5212,1.1361,63.9761,0.0041,1.0706,11.5862,0.0367,23925.1034,2.2475,1.1868,0.0115,1.0610,0.0000,2.2478,0.3405,0.8767,0.0000,0.0098,0.3307,18.6610,0.8762,0.0005,2.2480
11-8,0.0000,2.0053,0.2739,2.6552,217.7615,6.3793,6.3793,0.0067,0.3453,0.0348,11963.8276,1.3268,0.0155,2.2454,2.2453,0.0000,2.2453,0.3394,2.4828,320.4283,5.6897,5.6897,0.0065,0.4139,0.1516,11968.7586,1.3137,0.0182,192.6897,0.5259,1.1392,64.2442,0.0041,1.0621,12.0690,0.0391,23932.5862,2.2445,1.1926,0.0115,1.0523,0.0000,2.2448,0.3405,0.8821,0.0000,0.0099,0.3307,18.6547,0.8816,0.0005,2.2450
11-9,0.0000,1.9968,0.2419,3.1724,188.3508,6.4483,6.4483,0.0068,0.3598,0.0314,11987.5172,1.3395,0.0152,2.2243,2.2242,0.0000,2.2242,0.2857,2.5172,227.3003,5.1034,5.1034,0.0056,0.4229,0.1518,12035.9310,1.3417,0.0145,193.2759,0.5426,1.1580,65.1715,0.0041,1.0217,11.5517,0.0396,24023.4483,2.2234,1.2085,0.0116,1.0153,0.0000,2.2238,0.3416,0.8961,0.0000,0.0099,0.3317,18.6382,0.8956,0.0005,2.2239
13-10,0.0000,1.9772,0.1732,3.0000,122.4926,6.3793,6.3793,0.0070,0.3707,0.0224,11981.6552,1.3870,0.0147,2.2107,2.2106,0.0000,2.2106,0.1541,1.8621,144.0855,4.0000,4.0000,0.0043,0.4258,0.1661,12371.3103,1.4448,0.0138,195.4483,0.5642,1.2031,66.6628,0.0041,0.9645,10.3793,0.0381,24352.9655,2.2098,1.2493,0.0117,0.9608,0.0000,2.2101,0.3460,0.9322,0.0000,0.0100,0.3359,18.6235,0.9316,0.0005,2.2102
13-11,0.0000,1.9234,0.1335,3.0345,83.8332,6.2414,6.2414,0.0062,0.3798,0.0153,11963.7931,1.3729,0.0136,2.1876,2.1874,0.0000,2.1870,0.1825,1.3448,178.1911,3.5172,3.5172,0.0042,0.3992,0.1235,12583.0690,1.4633,0.0128,196.5172,0.5759,1.2137,66.7584,0.0042,0.9320,9.7586,0.0368,24546.8621,2.1866,1.2561,0.0118,0.9309,0.0000,2.1870,0.3486,0.9362,0.0000,0.0101,0.3385,18.6176,0.9356,0.0005,2.1871
13-2,0.0000,1.7862,0.0389,2.1034,28.8673,6.0345,6.0345,0.0064,0.3299,0.0770,11963.3793,1.3184,0.0136,2.2287,2.2285,1.5267,2.2240,0.2043,1.2069,150.6549,1.2069,1.2069,0.0011,0.0813,0.0302,5384.4828,0.3332,0.0054,139.0000,0.3990,0.8793,70.1290,0.0029,1.3198,7.2414,0.0257,17347.8621,2.2277,0.9170,0.0084,1.3111,0.0000,2.2281,0.2469,0.6926,0.0000,0.0071,0.2398,18.6474,0.6921,0.0004,2.2282
13-3,0.0000,1.8847,0.1227,1.9655,112.3732,6.3448,6.3448,0.0070,0.3316,0.0713,11989.6207,1.3357,0.0143,2.5245,2.5245,0.0000,2.5245,0.5133,2.0690,310.4096,2.0690,2.0690,0.0011,0.3892,0.1505,13657.9655,1.4571,0.0122,203.7931,0.4883,1.1963,62.9239,0.0043,1.2888,8.4138,0.0343,25647.5862,2.5236,1.2391,0.0123,1.2849,0.0000,2.5240,0.3653,0.9050,0.0000,0.0105,0.3549,18.6802,0.9043,0.0007,2.5241
13-4,0.0000,1.9360,0.1896,2.0345,165.4955,6.3103,6.3103,0.0069,0.3331,0.0631,11962.0345,1.3261,0.0152,2.3920,2.3920,0.0000,2.3920,0.4587,2.5862,331.3613,2.9655,2.9655,0.0028,0.3835,0.1534,12770.9655,1.3781,0.0143,197.3103,0.5027,1.1655,63.5644,0.0042,1.1856,9.2759,0.0359,24733.0000,2.3911,1.2110,0.0118,1.1805,0.0000,2.3915,0.3521,0.8889,0.0000,0.0101,0.3419,18.6668,0.8883,0.0006,2.3916
13-5,0.0000,1.9783,0.2265,2.2414,158.6495,6.4483,6.4483,0.0068,0.3354,0.0552,11963.7586,1.3359,0.0164,2.3107,2.3106,0.0000,2.3106,0.3894,2.7931,329.1561,3.8621,3.8621,0.0038,0.3847,0.1608,12275.2414,1.3540,0.0165,193.8621,0.5145,1.1528,64.1262,0.0041,1.1164,10.3103,0.0365,24239.0000,2.3098,1.2009,0.0116,1.1093,0.0000,2.3102,0.3448,0.8862,0.0000,0.0099,0.3348,18.6539,0.8857,0.0005,2.3103
13-6,0.0000,1.9725,0.2227,2.2759,159.9286,6.3448,6.3448,0.0067,0.3403,0.0468,11959.4483,1.3373,0.0165,2.2902,2.2901,0.0000,2.2901,0.3888,2.5862,350.1853,4.3793,4.3793,0.0048,0.3835,0.1625,12080.9310,1.3329,0.0160,192.3793,0.5137,1.1402,63.9560,0.0041,1.1087,10.7241,0.0362,24040.3793,2.2893,1.1888,0.0115,1.1008,0.0000,2.2896,0.3420,0.8770,0.0000,0.0099,0.3321,18.6536,0.8765,0.0005,2.2897
13-7,0.0000,1.9656,0.2251,2.4828,182.4284,6.2414,6.2414,0.0068,0.3397,0.0418,11950.4138,1.3341,0.0161,2.2727,2.2726,0.0000,2.2726,0.3741,2.5862,353.8760,5.2069,5.2069,0.0062,0.3952,0.1641,11951.3793,1.3141,0.0169,191.4828,0.5133,1.1305,63.7389,0.0041,1.1010,11.4483,0.0363,23901.7931,2.2718,1.1804,0.0115,1.0917,0.0000,2.2721,0.3401,0.8709,0.0000,0.0098,0.3303,18.6602,0.8704,0.0005,2.2722
13-8,0.0000,1.9999,0.2663,2.7931,216.8614,6.4828,6.4828,0.0068,0.3381,0.0345,11972.0690,1.3362,0.0156,2.2727,2.2726,0.0000,2.2726,0.3454,2.4138,320.0182,5.6552,5.6552,0.0061,0.4060,0.1677,11992.9655,1.3283,0.0171,192.9310,0.5182,1.1355,63.9314,0.0041,1.0928,12.1379,0.0393,23965.0345,2.2718,1.1896,0.0115,1.0825,0.0000,2.2721,0.3411,0.8789,0.0000,0.0099,0.3312,18.6591,0.8784,0.0005,2.2722
13-9,0.0000,2.0182,0.2587,3.2069,198.0557,6.2759,6.2759,0.0066,0.3556,0.0316,11971.7931,1.3483,0.0152,2.2346,2.2345,0.0000,2.2345,0.2657,2.4483,207.6066,5.0000,5.0000,0.0057,0.4224,0.1671,12028.9655,1.3567,0.0149,192.8621,0.5396,1.1584,65.2266,0.0041,1.0321,11.2759,0.0390,24000.7586,2.2336,1.2078,0.0115,1.0262,0.0000,2.2340,0.3412,0.8960,0.0000,0.0099,0.3313,18.6368,0.8955,0.0005,2.2341
14-10,0.0000,1.9652,0.1737,3.1034,124.9545,6.1724,6.1724,0.0068,0.3705,0.0214,11957.6207,1.3759,0.0147,2.2215,2.2213,0.0000,2.2214,0.1604,1.6897,151.1357,3.7241,3.7241,0.0040,0.4260,0.1735,12413.0345,1.4409,0.0149,195.3448,0.5592,1.1988,66.3919,0.0041,0.9805,9.8966,0.0371,24370.6552,2.2205,1.2435,0.0117,0.9774,0.0000,2.2209,0.3462,0.9260,0.0000,0.0100,0.3362,18.6239,0.9255,0.0005,2.2210
14-11,0.0000,1.9068,0.1135,2.9655,74.7022,6.2069,6.2069,0.0063,0.3721,0.0146,11963.8621,1.3843,0.0138,2.2111,2.2110,0.0000,2.2110,0.1840,1.3448,180.5982,3.4828,3.4828,0.0037,0.3942,0.1396,12560.1034,1.4737,0.0142,196.4138,0.5697,1.2131,66.7892,0.0042,0.9557,9.6897,0.0372,24523.9655,2.2102,1.2562,0.0118,0.9543,0.0000,2.2105,0.3483,0.9364,0.0000,0.0101,0.3383,18.6225,0.9358,0.0006,2.2106
14-2,0.0000,1.8043,0.0429,2.1379,31.7973,6.1724,6.1724,0.0063,0.3286,0.0754,11971.8276,1.3353,0.0139,2.6313,2.6311,0.6419,2.6275,0.4520,1.6897,263.0842,1.6897,1.6897,0.0011,0.2713,0.1106,12166.6207,1.1237,0.0101,192.1034,0.4423,1.1339,64.1429,0.0040,1.4593,7.8621,0.0331,24138.4483,2.6303,1.1758,0.0116,1.4548,0.0000,2.6306,0.3441,0.8612,0.0000,0.0099,0.3342,18.6885,0.8604,0.0007,2.6307
14-3,0.0000,1.8925,0.1357,2.0345,124.6650,6.3103,6.3103,0.0069,0.3271,0.0699,11977.9655,1.3363,0.0146,2.5244,2.5243,0.0000,2.5243,0.5055,2.2069,309.9216,2.2069,2.2069,0.0013,0.3833,0.1642,13567.1034,1.4561,0.0129,203.1724,0.4869,1.1922,62.9703,0.0043,1.2923,8.5172,0.0347,25545.0690,2.5235,1.2358,0.0122,1.2881,0.0000,2.5238,0.3638,0.9030,0.0000,0.0104,0.3534,18.6775,0.9023,0.0007,2.5240
14-4,0.0000,1.9358,0.1846,2.0000,155.9313,6.4483,6.4483,0.0070,0.3308,0.0619,11979.1034,1.3341,0.0153,2.3983,2.3982,0.0000,2.3982,0.4452,2.6207,327.4311,3.0000,3.0000,0.0033,0.3832,0.1667,12714.7241,1.3838,0.0148,196.8621,0.5013,1.1661,63.7047,0.0042,1.1922,9.4483,0.0350,24693.8276,2.3974,1.2116,0.0118,1.1862,0.0000,2.3978,0.3515,0.8907,0.0000,0.0101,0.3414,18.6655,0.8900,0.0006,2.3979
14-5,0.0000,1.9810,0.2303,2.3448,161.2759,6.4138,6.4138,0.0068,0.3344,0.0542,11960.3448,1.3378,0.0155,2.3226,2.3225,0.0000,2.3225,0.3869,2.8276,326.9247,3.8621,3.8621,0.0042,0.3839,0.1695,12258.0690,1.3603,0.0163,193.8966,0.5121,1.1526,64.1878,0.0041,1.1278,10.2759,0.0372,24218.4138,2.3217,1.2013,0.0116,1.1207,0.0000,2.3220,0.3446,0.8864,0.0000,0.0099,0.3346,18.6581,0.8859,0.0005,2.3222
14-6,0.0000,1.9682,0.2148,2.3793,156.7552,6.3793,6.3793,0.0067,0.3419,0.0449,11964.5517,1.3417,0.0160,2.3006,2.3005,0.0000,2.3005,0.3866,2.5172,351.7877,4.3793,4.3793,0.0057,0.3823,0.1712,12059.0345,1.3360,0.0170,192.1724,0.5100,1.1372,63.8258,0.0041,1.1225,10.7586,0.0359,24023.5862,2.2997,1.1860,0.0115,1.1140,0.0000,2.3000,0.3417,0.8749,0.0000,0.0098,0.3319,18.6537,0.8744,0.0005,2.3001
14-7,0.0000,1.9676,0.2274,2.5862,187.5722,6.2414,6.2414,0.0068,0.3370,0.0403,11939.4828,1.3382,0.0158,2.2854,2.2852,0.0000,2.2852,0.3723,2.4138,353.0262,5.2759,5.2759,0.0064,0.3941,0.1724,11952.1724,1.3205,0.0176,191.7931,0.5107,1.1298,63.7172,0.0041,1.1129,11.5172,0.0377,23891.6552,2.2844,1.1811,0.0115,1.1037,0.0000,2.2848,0.3400,0.8712,0.0000,0.0098,0.3302,18.6614,0.8707,0.0005,2.2849
14-8,0.0000,2.0027,0.2701,2.7586,226.7667,6.3103,6.3103,0.0066,0.3365,0.0331,11960.2759,1.3389,0.0152,2.2899,2.2898,0.0000,2.2898,0.3503,2.3793,318.2903,5.6207,5.6207,0.0064,0.4046,0.1746,12020.2759,1.3343,0.0176,193.1034,0.5142,1.1333,63.7952,0.0041,1.1115,11.9310,0.0401,23980.5517,2.2890,1.1881,0.0116,1.1012,0.0000,2.2893,0.3413,0.8770,0.0000,0.0099,0.3314,18.6588,0.8765,0.0005,2.2894
14-9,0.0000,2.0200,0.2618,3.1379,201.5576,6.2759,6.2759,0.0067,0.3543,0.0299,11970.3103,1.3507,0.0145,2.2419,2.2418,0.0000,2.2418,0.2632,2.4483,205.4669,4.9310,4.9310,0.0055,0.4207,0.1737,12044.7241,1.3623,0.0145,192.7241,0.5362,1.1550,64.9939,0.0041,1.0437,11.2069,0.0382,24015.0345,2.2410,1.2037,0.0115,1.0376,0.0000,2.2413,0.3414,0.8921,0.0000,0.0099,0.3315,18.6357,0.8916,0.0005,2.2414
15-10,0.0000,1.9582,0.1679,3.1724,119.7590,6.2759,6.2759,0.0068,0.3670,0.0204,11964.0690,1.3796,0.0144,2.2392,2.2391,0.0000,2.2391,0.1723,1.7241,165.1570,3.6207,3.6207,0.0040,0.4238,0.1733,12484.0345,1.4493,0.0148,196.0690,0.5552,1.1991,66.1914,0.0042,0.9974,9.8966,0.0376,24448.1034,2.2383,1.2446,0.0117,0.9940,0.0000,2.2386,0.3474,0.9259,0.0000,0.0100,0.3374,18.6283,0.9253,0.0005,2.2387
15-11,0.0000,1.9133,0.1180,2.8966,76.6320,6.2759,6.2759,0.0066,0.3696,0.0140,11965.5172,1.3895,0.0135,2.2240,2.2239,0.0000,2.2239,0.1842,1.3448,181.0167,3.4828,3.4828,0.0043,0.3922,0.1488,12562.5862,1.4780,0.0148,196.6207,0.5661,1.2120,66.7143,0.0042,0.9688,9.7586,0.0382,24528.1034,2.2231,1.2564,0.0118,0.9670,0.0000,2.2234,0.3484,0.9363,0.0000,0.0101,0.3383,18.6215,0.9357,0.0006,2.2235
15-2,0.0000,1.8013,0.0442,2.0690,33.0681,6.2069,6.2069,0.0065,0.3285,0.0730,11968.6207,1.3333,0.0138,2.5329,2.5327,0.6086,2.5187,0.4130,1.6897,236.7879,1.6897,1.6897,0.0011,0.2658,0.1108,11076.1034,1.0925,0.0097,183.6207,0.4425,1.0931,65.1040,0.0039,1.4024,7.8966,0.0325,23044.7241,2.5319,1.1351,0.0111,1.3971,0.0000,2.5323,0.3285,0.8350,0.0000,0.0094,0.3190,18.6832,0.8343,0.0007,2.5324
15-3,0.0000,1.8845,0.1339,1.9310,122.4429,6.1724,6.1724,0.0067,0.3270,0.0675,11953.7586,1.3330,0.0143,2.5053,2.5052,0.0000,2.5052,0.5004,2.2069,310.9330,2.2759,2.2759,0.0015,0.3812,0.1646,13439.9310,1.4448,0.0118,202.0345,0.4881,1.1856,62.9967,0.0043,1.2795,8.4483,0.0350,25393.6897,2.5044,1.2293,0.0121,1.2755,0.0000,2.5048,0.3617,0.8983,0.0000,0.0104,0.3513,18.6769,0.8976,0.0007,2.5049
15-4,0.0000,1.9447,0.1960,2.2069,155.4748,6.4828,6.4828,0.0071,0.3302,0.0600,11973.1034,1.3346,0.0146,2.3892,2.3891,0.0000,2.3891,0.4393,2.6897,327.5363,2.9655,2.9655,0.0029,0.3828,0.1668,12653.8276,1.3809,0.0151,196.4483,0.5021,1.1641,63.7613,0.0042,1.1852,9.4483,0.0348,24626.9310,2.3883,1.2095,0.0118,1.1791,0.0000,2.3887,0.3505,0.8894,0.0000,0.0101,0.3404,18.6636,0.8888,0.0006,2.3888
15-5,0.0000,1.9769,0.2258,2.2759,160.3348,6.5172,6.5172,0.0069,0.3331,0.0527,11965.2759,1.3414,0.0148,2.3156,2.3155,0.0000,2.3155,0.3849,2.8276,328.4119,3.8966,3.8966,0.0043,0.3820,0.1693,12222.0690,1.3572,0.0163,193.6552,0.5125,1.1499,64.1159,0.0041,1.1237,10.4138,0.0370,24187.3448,2.3147,1.1991,0.0116,1.1159,0.0000,2.3150,0.3442,0.8850,0.0000,0.0099,0.3342,18.6590,0.8845,0.0005,2.3151
15-6,0.0000,1.9595,0.2114,2.4828,155.7597,6.3448,6.3448,0.0067,0.3415,0.0427,11949.8966,1.3402,0.0150,2.2956,2.2955,0.0000,2.2955,0.3812,2.5172,351.0636,4.5517,4.5517,0.0047,0.3822,0.1719,12052.7931,1.3373,0.0166,192.4138,0.5109,1.1353,63.7813,0.0041,1.1182,10.8966,0.0371,24002.6897,2.2947,1.1862,0.0115,1.1089,0.0000,2.2950,0.3415,0.8750,0.0000,0.0099,0.3316,18.6559,0.8745,0.0005,2.2951
15-7,0.0000,1.9702,0.2307,2.6897,191.3761,6.3793,6.3793,0.0069,0.3371,0.0386,11959.3103,1.3396,0.0151,2.2911,2.2910,0.0000,2.2910,0.3777,2.4483,359.1628,5.4483,5.4483,0.0067,0.3934,0.1730,11956.7241,1.3198,0.0187,192.5172,0.5102,1.1299,63.6713,0.0041,1.1169,11.8276,0.0394,23916.0345,2.2902,1.1834,0.0115,1.1071,0.0000,2.2905,0.3404,0.8729,0.0000,0.0099,0.3306,18.6622,0.8724,0.0005,2.2906
15-8,0.0000,2.0043,0.2701,2.9655,223.4681,6.3448,6.3448,0.0067,0.3393,0.0306,11965.7586,1.3406,0.0147,2.2783,2.2782,0.0000,2.2782,0.3352,2.3448,302.8449,5.3793,5.3793,0.0068,0.4065,0.1741,12000.6897,1.3361,0.0176,192.5862,0.5168,1.1350,63.9121,0.0041,1.1000,11.7241,0.0383,23966.4483,2.2774,1.1870,0.0115,1.0908,0.0000,2.2778,0.3410,0.8763,0.0000,0.0099,0.3312,18.6552,0.8758,0.0005,2.2779
15-9,0.0000,2.0160,0.2612,3.1724,198.0064,6.2069,6.2069,0.0066,0.3551,0.0279,11956.9310,1.3486,0.0146,2.2340,2.2338,0.0000,2.2338,0.2542,2.5172,195.7281,4.8621,4.8621,0.0051,0.4215,0.1736,12040.5862,1.3633,0.0142,192.6207,0.5390,1.1579,65.1679,0.0041,1.0328,11.0690,0.0382,23997.5172,2.2330,1.2061,0.0115,1.0272,0.0000,2.2334,0.3411,0.8944,0.0000,0.0099,0.3312,18.6351,0.8939,0.0005,2.2335
2-10,0.0000,1.9702,0.1654,3.1724,124.1488,6.1034,6.1034,0.0066,0.3998,0.0291,11936.7586,1.3527,0.0144,2.1088,2.1088,0.0000,2.0978,0.2838,2.4828,235.3430,4.7931,4.7931,0.0057,0.3859,0.0595,12023.9655,1.3482,0.0128,192.2069,0.5710,1.1572,65.2067,0.0041,0.9091,10.8966,0.0376,23960.7241,2.1080,1.1977,0.0115,0.9106,0.0000,2.1083,0.3403,0.8846,0.0000,0.0098,0.3305,18.6187,0.8841,0.0005,2.1084
2-11,0.0000,2.0453,0.2157,3.1379,154.5211,6.3103,6.3103,0.0063,0.4103,0.0209,11974.0690,1.3763,0.0136,2.1280,2.1280,0.0000,2.1085,0.2059,1.9655,188.3367,3.6207,3.6207,0.0041,0.3976,0.0311,12511.8966,1.4567,0.0116,196.1724,0.5805,1.1872,65.6945,0.0042,0.8981,9.9310,0.0378,24485.9655,2.1272,1.2287,0.0117,0.8988,0.0000,2.1275,0.3479,0.9087,0.0000,0.0100,0.3379,18.6317,0.9082,0.0005,2.1276
2-2,0.0000,1.8198,0.0544,2.0000,44.0857,5.8966,5.8966,0.0058,0.3316,0.0797,11965.5517,1.3326,0.0137,2.6747,2.6746,2.3037,2.6746,0.3030,1.0000,302.9825,1.0000,1.0000,0.0010,0.0000,0.0000,8192.0000,0.0000,0.0072,160.2069,0.3793,0.9851,65.7474,0.0034,1.6589,6.8966,0.0264,20157.5517,2.6738,1.0202,0.0096,1.6540,0.0000,2.6741,0.2870,0.7587,0.0000,0.0082,0.2788,18.6739,0.7581,0.0006,2.6743
2-3,0.0000,1.9580,0.1339,2.0690,121.3277,6.1724,6.1724,0.0067,0.3547,0.0793,11967.1379,1.3669,0.0144,2.5428,2.5428,0.2654,2.5227,0.4938,1.8621,285.5724,1.8621,1.8621,0.0010,0.3580,0.0407,12908.3793,1.3446,0.0107,197.6207,0.4684,1.1575,63.3450,0.0042,1.3471,8.0345,0.0332,24875.5172,2.5420,1.1975,0.0119,1.3448,0.0000,2.5423,0.3542,0.8732,0.0000,0.0102,0.3441,18.6720,0.8725,0.0007,2.5424
2-4,0.0000,1.9928,0.1720,2.2069,152.5527,6.2759,6.2759,0.0067,0.3607,0.0724,11970.0345,1.3641,0.0148,2.3901,2.3901,0.0000,2.3901,0.5044,2.3448,329.4829,2.4483,2.4483,0.0016,0.4198,0.0427,13206.8966,1.4064,0.0142,200.2069,0.5012,1.1620,62.2090,0.0042,1.1882,8.7241,0.0349,25176.9310,2.3893,1.2047,0.0120,1.1850,0.0000,2.3897,0.3584,0.8766,0.0000,0.0103,0.3481,18.6680,0.8760,0.0006,2.3898
2-5,0.0000,2.0492,0.2414,2.4138,178.7740,6.3793,6.3793,0.0066,0.3602,0.0636,11966.4828,1.3616,0.0136,2.2959,2.2958,0.0000,2.2947,0.4624,2.8966,362.9699,3.1724,3.1724,0.0025,0.4186,0.0499,12589.8966,1.3460,0.0141,195.9310,0.5147,1.1467,62.8872,0.0042,1.1083,9.5517,0.0359,24556.3793,2.2950,1.1907,0.0117,1.1046,0.0000,2.2954,0.3493,0.8708,0.0000,0.0100,0.3393,18.6568,0.8702,0.0005,2.2955
2-6,0.0000,2.0778,0.2646,2.9310,190.4303,6.4483,6.4483,0.0068,0.3728,0.0576,11968.2414,1.3600,0.0140,2.2112,2.2112,0.0000,2.2112,0.4022,2.6897,352.9924,3.8966,3.8966,0.0036,0.4271,0.0538,12181.3103,1.3087,0.0143,193.1034,0.5306,1.1389,63.4942,0.0041,1.0313,10.3448,0.0361,24149.5517,2.2104,1.1829,0.0115,1.0278,0.0000,2.2107,0.3434,0.8687,0.0000,0.0099,0.3335,18.6471,0.8682,0.0005,2.2108
2-7,0.0000,2.0445,0.2435,2.8966,185.4715,6.4138,6.4138,0.0070,0.3795,0.0491,11966.8966,1.3491,0.0141,2.1675,2.1674,0.0000,2.1673,0.3797,2.6207,348.7009,4.5172,4.5172,0.0039,0.4295,0.0545,12011.8276,1.2849,0.0130,192.2414,0.5394,1.1323,63.6266,0.0041,0.9929,10.9310,0.0372,23978.7241,2.1666,1.1781,0.0115,0.9889,0.0000,2.1670,0.3409,0.8655,0.0000,0.0098,0.3310,18.6402,0.8650,0.0005,2.1671
2-8,0.0000,1.9783,0.1964,2.8966,157.7276,6.3448,6.3448,0.0068,0.3755,0.0411,11954.1724,1.3427,0.0136,2.1576,2.1576,0.0000,2.1570,0.3824,2.4828,363.9557,5.5172,5.5172,0.0051,0.4197,0.0594,11955.5862,1.2752,0.0133,191.9655,0.5412,1.1299,63.6603,0.0041,0.9848,11.8621,0.0380,23909.7586,2.1567,1.1796,0.0115,0.9775,0.0000,2.1571,0.3399,0.8694,0.0000,0.0098,0.3301,18.6409,0.8689,0.0005,2.1572
2-9,0.0000,1.9397,0.1595,2.8276,128.4899,6.2414,6.2414,0.0066,0.3812,0.0356,11957.6897,1.3405,0.0140,2.1679,2.1678,0.0000,2.1668,0.3944,2.5172,353.4235,5.3793,5.3793,0.0054,0.3961,0.0605,12027.3448,1.2933,0.0151,193.2414,0.5437,1.1298,63.6416,0.0041,0.9926,11.6207,0.0405,23985.0345,2.1670,1.1781,0.0115,0.9893,0.0000,2.1674,0.3412,0.8647,0.0000,0.0099,0.3313,18.6457,0.8642,0.0005,2.1675
3-10,0.0000,1.9765,0.1703,3.4138,119.8719,6.3448,6.3448,0.0069,0.4010,0.0286,11965.6897,1.3528,0.0146,2.1053,2.1052,0.0000,2.0990,0.2537,2.4138,203.3375,4.6897,4.6897,0.0056,0.3967,0.0746,12022.9310,1.3540,0.0126,192.7241,0.5783,1.1708,65.9035,0.0041,0.8913,11.0345,0.0382,23988.6207,2.1044,1.2124,0.0115,0.8924,0.0000,2.1048,0.3407,0.8990,0.0000,0.0098,0.3308,18.6173,0.8985,0.0005,2.1049
3-11,0.0000,2.0544,0.2405,3.0345,167.3583,6.2759,6.2759,0.0064,0.4048,0.0208,11968.7586,1.3662,0.0135,2.1194,2.1194,0.0000,2.0966,0.1987,1.8966,182.8315,3.5862,3.5862,0.0039,0.3962,0.0455,12497.5862,1.4389,0.0117,195.9655,0.5840,1.1889,65.8509,0.0042,0.8879,9.8621,0.0376,24466.3448,2.1185,1.2298,0.0117,0.8891,0.0000,2.1189,0.3475,0.9099,0.0000,0.0100,0.3375,18.6256,0.9094,0.0005,2.1190
3-2,0.0000,1.8171,0.0513,1.9310,42.1643,5.8966,5.8966,0.0062,0.3294,0.0796,11963.4138,1.3348,0.0137,2.5879,2.5878,2.2274,2.5878,0.2959,1.0000,295.9434,1.0000,1.0000,0.0011,0.0000,0.0000,7996.2414,0.0000,0.0070,158.6897,0.3922,0.9857,66.4671,0.0033,1.5718,6.8966,0.0262,19959.6552,2.5870,1.0207,0.0096,1.5667,0.0000,2.5874,0.2841,0.7619,0.0000,0.0082,0.2759,18.6655,0.7614,0.0005,2.5875
3-3,0.0000,1.9664,0.1402,2.1724,125.9730,6.2759,6.2759,0.0068,0.3528,0.0789,11974.6207,1.3713,0.0143,2.5111,2.5111,0.2510,2.4805,0.4826,1.8621,282.6305,1.8621,1.8621,0.0010,0.3532,0.0524,12564.7241,1.3217,0.0105,195.2759,0.4699,1.1460,63.6947,0.0041,1.3261,8.1379,0.0340,24539.3448,2.5103,1.1872,0.0117,1.3234,0.0000,2.5106,0.3495,0.8669,0.0000,0.0100,0.3395,18.6715,0.8662,0.0007,2.5107
3-4,0.0000,1.9954,0.1714,2.3448,152.0460,6.2414,6.2414,0.0067,0.3590,0.0719,11968.4138,1.3697,0.0144,2.3952,2.3952,0.0000,2.3952,0.4999,2.3793,330.2172,2.5172,2.5172,0.0019,0.4171,0.0585,13134.3793,1.4016,0.0152,199.9655,0.5003,1.1615,62.3583,0.0042,1.1926,8.7586,0.0360,25102.7931,2.3944,1.2057,0.0120,1.1890,0.0000,2.3947,0.3574,0.8782,0.0000,0.0103,0.3471,18.6687,0.8775,0.0006,2.3949
3-5,0.0000,2.0684,0.2589,2.3793,182.2010,6.4138,6.4138,0.0067,0.3611,0.0629,11968.6552,1.3631,0.0136,2.2915,2.2915,0.0000,2.2897,0.4502,2.8966,359.0480,3.2069,3.2069,0.0025,0.4166,0.0652,12543.7241,1.3398,0.0142,195.5172,0.5165,1.1493,63.1328,0.0042,1.1018,9.6207,0.0354,24512.3793,2.2907,1.1920,0.0117,1.0990,0.0000,2.2910,0.3487,0.8726,0.0000,0.0100,0.3387,18.6546,0.8720,0.0005,2.2911
3-6,0.0000,2.0643,0.2647,2.8621,193.5980,6.4138,6.4138,0.0068,0.3721,0.0573,11959.8276,1.3476,0.0137,2.2077,2.2077,0.0000,2.2075,0.3971,2.6207,350.6900,4.0345,4.0345,0.0038,0.4261,0.0690,12174.1379,1.2963,0.0137,193.0000,0.5319,1.1403,63.6181,0.0041,1.0268,10.4483,0.0356,24133.9655,2.2069,1.1843,0.0115,1.0229,0.0000,2.2072,0.3432,0.8705,0.0000,0.0099,0.3333,18.6479,0.8700,0.0005,2.2073
3-7,0.0000,2.0298,0.2457,2.8966,187.1522,6.3793,6.3793,0.0069,0.3775,0.0484,11967.0345,1.3351,0.0139,2.1620,2.1620,0.0000,2.1617,0.3786,2.5172,348.3485,4.4483,4.4483,0.0037,0.4274,0.0696,11988.3448,1.2686,0.0122,192.1034,0.5409,1.1326,63.7100,0.0041,0.9874,10.8276,0.0371,23955.3793,2.1612,1.1791,0.0115,0.9824,0.0000,2.1615,0.3406,0.8667,0.0000,0.0098,0.3308,18.6425,0.8662,0.0005,2.1616
3-8,0.0000,1.9722,0.2065,2.8966,164.8284,6.2414,6.2414,0.0066,0.3738,0.0411,11962.4138,1.3280,0.0139,2.1588,2.1587,0.0000,2.1588,0.3749,2.5172,356.8965,5.5517,5.5517,0.0053,0.4202,0.0745,11956.4828,1.2676,0.0142,191.9655,0.5421,1.1326,63.8045,0.0041,0.9835,11.7931,0.0378,23918.8966,2.1579,1.1828,0.0115,0.9755,0.0000,2.1583,0.3400,0.8728,0.0000,0.0098,0.3302,18.6401,0.8723,0.0005,2.1584
3-9,0.0000,1.9496,0.1761,3.0690,134.9776,6.3103,6.3103,0.0066,0.3819,0.0351,11961.0000,1.3332,0.0145,2.1635,2.1634,0.0000,2.1632,0.3688,2.4483,321.0392,5.2069,5.2069,0.0054,0.4022,0.0757,12024.5862,1.2953,0.0138,192.8276,0.5485,1.1395,64.1904,0.0041,0.9802,11.5172,0.0389,23985.5862,2.1626,1.1854,0.0115,0.9775,0.0000,2.1630,0.3410,0.8727,0.0000,0.0099,0.3312,18.6398,0.8722,0.0005,2.1631
4-10,0.0000,1.9700,0.1699,3.3103,117.9592,6.2414,6.2414,0.0069,0.4041,0.0276,11973.2069,1.3450,0.0145,2.1073,2.1072,0.0000,2.1037,0.2194,2.5172,171.8222,4.8276,4.8276,0.0052,0.4076,0.0902,12029.7586,1.3656,0.0137,192.7586,0.5830,1.1825,66.5425,0.0041,0.8821,11.0690,0.0377,24002.9655,2.1064,1.2245,0.0115,0.8822,0.0000,2.1067,0.3408,0.9115,0.0000,0.0099,0.3309,18.6135,0.9110,0.0005,2.1068
4-11,0.0000,2.0079,0.2067,2.8966,144.0288,6.2414,6.2414,0.0064,0.4028,0.0201,11970.9655,1.3558,0.0139,2.1248,2.1247,0.0000,2.1062,0.2000,1.9310,183.4085,3.5172,3.5172,0.0038,0.3941,0.0595,12504.4138,1.4355,0.0117,196.1034,0.5838,1.1909,65.9362,0.0042,0.8915,9.7586,0.0374,24475.3793,2.1239,1.2315,0.0117,0.8927,0.0000,2.1243,0.3476,0.9119,0.0000,0.0100,0.3376,18.6197,0.9114,0.0005,2.1244
4-2,0.0000,1.8108,0.0491,2.1034,38.4174,5.8966,5.8966,0.0063,0.3294,0.0789,11956.1034,1.3313,0.0137,2.5971,2.5970,2.2297,2.5970,0.3029,1.0000,302.9132,1.0000,1.0000,0.0011,0.0000,0.0000,8192.0000,0.0000,0.0076,160.2069,0.3918,0.9877,65.9677,0.0034,1.5785,6.8966,0.0266,20148.1034,2.5962,1.0230,0.0096,1.5735,0.0000,2.5966,0.2869,0.7615,0.0000,0.0082,0.2787,18.6761,0.7610,0.0005,2.5967
4-3,0.0000,1.9728,0.1509,2.1379,136.9414,6.2414,6.2414,0.0068,0.3504,0.0778,11974.2759,1.3712,0.0138,2.4903,2.4902,0.2369,2.4463,0.4727,1.8621,280.0031,1.8621,1.8621,0.0011,0.3494,0.0644,12262.3793,1.3040,0.0102,192.8966,0.4695,1.1360,63.9645,0.0041,1.3154,8.1034,0.0340,24236.6552,2.4894,1.1775,0.0116,1.3123,0.0000,2.4898,0.3452,0.8613,0.0000,0.0099,0.3353,18.6715,0.8607,0.0006,2.4899
4-4,0.0000,1.9999,0.1811,2.3103,149.9910,6.3448,6.3448,0.0069,0.3592,0.0706,11976.7241,1.3660,0.0140,2.3929,2.3928,0.0000,2.3928,0.4912,2.4138,327.7023,2.6207,2.6207,0.0019,0.4144,0.0748,13069.2414,1.3936,0.0158,199.4138,0.5006,1.1623,62.5397,0.0042,1.1905,8.9655,0.0350,25045.9655,2.3920,1.2062,0.0120,1.1861,0.0000,2.3924,0.3565,0.8801,0.0000,0.0102,0.3463,18.6668,0.8794,0.0006,2.3925
4-5,0.0000,2.0324,0.2416,2.4138,168.0843,6.3448,6.3448,0.0066,0.3614,0.0616,11957.3793,1.3458,0.0133,2.2783,2.2783,0.0000,2.2779,0.4435,2.8621,358.2400,3.2414,3.2414,0.0027,0.4127,0.0810,12487.8621,1.3231,0.0135,195.4138,0.5201,1.1487,63.2815,0.0042,1.0875,9.5862,0.0371,24445.2414,2.2775,1.1932,0.0117,1.0846,0.0000,2.2778,0.3477,0.8743,0.0000,0.0100,0.3377,18.6551,0.8737,0.0005,2.2779
4-6,0.0000,2.0405,0.2587,2.7586,187.9184,6.3448,6.3448,0.0066,0.3698,0.0560,11963.7586,1.3333,0.0138,2.2067,2.2066,0.0000,2.2066,0.3937,2.7241,348.2594,4.1724,4.1724,0.0041,0.4214,0.0844,12159.8276,1.2885,0.0129,193.0345,0.5342,1.1438,63.8489,0.0041,1.0214,10.5172,0.0364,24123.5862,2.2058,1.1887,0.0116,1.0174,0.0000,2.2062,0.3431,0.8749,0.0000,0.0099,0.3332,18.6500,0.8744,0.0005,2.2063
4-7,0.0000,2.0073,0.2416,2.7931,190.4607,6.3448,6.3448,0.0069,0.3764,0.0472,11958.7586,1.3186,0.0144,2.1706,2.1706,0.0000,2.1706,0.3766,2.6897,348.3671,4.5862,4.5862,0.0038,0.4259,0.0852,11992.7241,1.2647,0.0128,191.8621,0.5399,1.1357,63.9141,0.0041,0.9936,10.9310,0.0363,23951.4828,2.1698,1.1826,0.0115,0.9876,0.0000,2.1701,0.3405,0.8711,0.0000,0.0098,0.3307,18.6434,0.8706,0.0005,2.1703
4-8,0.0000,1.9771,0.2244,2.8966,179.7949,6.3448,6.3448,0.0068,0.3709,0.0403,11969.2414,1.3171,0.0152,2.1725,2.1724,0.0000,2.1722,0.3639,2.5517,345.6942,5.5862,5.5862,0.0053,0.4222,0.0907,11956.4483,1.2735,0.0146,192.3793,0.5412,1.1360,64.0181,0.0041,0.9927,11.9310,0.0388,23925.6897,2.1716,1.1877,0.0115,0.9843,0.0000,2.1719,0.3403,0.8771,0.0000,0.0098,0.3304,18.6465,0.8766,0.0005,2.1721
4-9,0.0000,1.9399,0.1799,3.0690,139.5741,6.2414,6.2414,0.0066,0.3778,0.0341,11956.0000,1.3240,0.0153,2.1680,2.1680,0.0000,2.1680,0.3385,2.5517,289.8218,5.3103,5.3103,0.0058,0.4129,0.0914,12021.6897,1.3027,0.0147,192.8621,0.5518,1.1485,64.7401,0.0041,0.9755,11.5517,0.0390,23977.6897,2.1671,1.1963,0.0115,0.9712,0.0000,2.1675,0.3409,0.8838,0.0000,0.0099,0.3311,18.6403,0.8833,0.0005,2.1676
5-10,0.0000,1.9575,0.1650,3.4138,105.1040,6.2069,6.2069,0.0068,0.3966,0.0264,11959.0690,1.3467,0.0138,2.1204,2.1204,0.0000,2.1204,0.1964,2.3793,159.7687,4.6552,4.6552,0.0052,0.4153,0.1080,12083.6552,1.3806,0.0131,193.2069,0.5833,1.1920,66.9148,0.0041,0.8846,10.8621,0.0388,24042.7241,2.1195,1.2364,0.0115,0.8835,0.0000,2.1199,0.3413,0.9228,0.0000,0.0099,0.3315,18.6126,0.9223,0.0005,2.1200
5-11,0.0000,1.9901,0.1966,2.9655,136.2646,6.2414,6.2414,0.0064,0.3999,0.0195,11972.0690,1.3518,0.0137,2.1388,2.1387,0.0000,2.1286,0.1953,1.4828,187.8460,3.4483,3.4483,0.0037,0.3967,0.0724,12597.1379,1.4469,0.0121,196.5172,0.5860,1.2045,66.4007,0.0042,0.8928,9.6897,0.0365,24569.2069,2.1379,1.2451,0.0117,0.8932,0.0000,2.1383,0.3488,0.9245,0.0000,0.0100,0.3387,18.6111,0.9239,0.0005,2.1384
5-2,0.0000,1.7979,0.0468,1.9310,36.5331,5.9310,5.9310,0.0063,0.3300,0.0779,11965.1034,1.3213,0.0135,2.4681,2.4680,2.1585,2.4680,0.2464,1.0000,246.4074,1.0000,1.0000,0.0011,0.0000,0.0000,6630.4483,0.0000,0.0062,148.5862,0.3852,0.9249,66.9913,0.0031,1.5123,6.9310,0.0268,18595.5517,2.4672,0.9618,0.0089,1.5058,0.0000,2.4675,0.2648,0.7203,0.0000,0.0076,0.2571,18.6693,0.7198,0.0005,2.4676
5-3,0.0000,1.9696,0.1544,2.0345,142.9980,6.3103,6.3103,0.0068,0.3519,0.0763,11974.9655,1.3645,0.0135,2.5784,2.5784,0.0000,2.5784,0.5487,2.0000,321.6572,2.0000,2.0000,0.0011,0.4096,0.0936,14264.7586,1.5125,0.0121,208.6207,0.4843,1.2106,62.2226,0.0044,1.3267,8.3103,0.0359,26239.7241,2.5776,1.2527,0.0125,1.3252,0.0000,2.5779,0.3738,0.9098,0.0000,0.0107,0.3631,18.6821,0.9091,0.0007,2.5781
5-4,0.0000,1.9830,0.1856,2.2759,154.7595,6.3103,6.3103,0.0068,0.3564,0.0692,11972.3448,1.3494,0.0135,2.3830,2.3829,0.0000,2.3829,0.4856,2.4138,327.2326,2.7241,2.7241,0.0023,0.4077,0.0940,13006.6552,1.3761,0.0161,199.3103,0.5032,1.1618,62.6939,0.0042,1.1794,9.0345,0.0367,24979.0000,2.3821,1.2078,0.0120,1.1746,0.0000,2.3825,0.3556,0.8821,0.0000,0.0102,0.3454,18.6696,0.8815,0.0006,2.3826
5-5,0.0000,2.0029,0.2280,2.4483,157.9662,6.4483,6.4483,0.0069,0.3595,0.0601,11965.8966,1.3327,0.0136,2.2765,2.2765,0.0000,2.2765,0.4345,2.8276,355.4439,3.4828,3.4828,0.0033,0.4066,0.0997,12451.0000,1.3165,0.0146,195.0690,0.5213,1.1509,63.4977,0.0041,1.0842,9.9310,0.0365,24416.8966,2.2757,1.1966,0.0117,1.0794,0.0000,2.2760,0.3473,0.8790,0.0000,0.0100,0.3373,18.6558,0.8784,0.0005,2.2761
5-6,0.0000,2.0216,0.2594,2.5172,185.3216,6.3448,6.3448,0.0067,0.3613,0.0545,11966.2414,1.3229,0.0145,2.2172,2.2171,0.0000,2.2171,0.3966,2.7241,353.0170,4.2414,4.2414,0.0041,0.4110,0.1022,12125.5172,1.2875,0.0141,192.7586,0.5317,1.1434,63.9454,0.0041,1.0325,10.5862,0.0363,24091.7586,2.2163,1.1895,0.0115,1.0272,0.0000,2.2167,0.3427,0.8762,0.0000,0.0099,0.3328,18.6519,0.8757,0.0005,2.2168
5-7,0.0000,1.9837,0.2344,2.5862,177.4186,6.4483,6.4483,0.0071,0.3645,0.0460,11975.0000,1.3144,0.0151,2.1890,2.1890,0.0000,2.1890,0.3735,2.5517,347.1423,4.6552,4.6552,0.0040,0.4215,0.1036,11980.3793,1.2707,0.0140,192.2414,0.5375,1.1394,64.0859,0.0041,1.0067,11.1034,0.0380,23955.3793,2.1882,1.1890,0.0115,0.9995,0.0000,2.1885,0.3407,0.8776,0.0000,0.0098,0.3309,18.6492,0.8771,0.0005,2.1886
5-8,0.0000,1.9833,0.2495,2.8966,193.4275,6.2759,6.2759,0.0066,0.3642,0.0388,11961.8966,1.3069,0.0151,2.1884,2.1883,0.0000,2.1883,0.3561,2.5517,338.6484,5.6897,5.6897,0.0054,0.4205,0.1077,11966.0345,1.2807,0.0159,192.4828,0.5383,1.1382,64.1486,0.0041,1.0064,11.9655,0.0389,23927.9310,2.1875,1.1912,0.0115,0.9967,0.0000,2.1879,0.3404,0.8808,0.0000,0.0099,0.3305,18.6512,0.8803,0.0005,2.1880
5-9,0.0000,1.9538,0.2031,3.0690,151.3039,6.3448,6.3448,0.0068,0.3735,0.0328,11970.0690,1.3203,0.0152,2.1879,2.1878,0.0000,2.1878,0.3305,2.5517,274.2132,5.2414,5.2414,0.0057,0.4196,0.1083,12045.4828,1.3069,0.0149,192.9310,0.5480,1.1518,64.8377,0.0041,0.9930,11.5862,0.0381,24015.5517,2.1870,1.2004,0.0115,0.9869,0.0000,2.1873,0.3415,0.8884,0.0000,0.0099,0.3316,18.6395,0.8879,0.0005,2.1874
6-10,0.0000,1.9584,0.1652,3.2759,108.2423,6.1724,6.1724,0.0067,0.3884,0.0253,11956.7586,1.3565,0.0141,2.1527,2.1526,0.0000,2.1526,0.1816,2.4483,146.0514,4.6207,4.6207,0.0052,0.4245,0.1266,12196.6207,1.3998,0.0131,194.0690,0.5771,1.1974,66.9036,0.0041,0.9114,10.7931,0.0389,24153.3793,2.1518,1.2431,0.0116,0.9091,0.0000,2.1522,0.3430,0.9284,0.0000,0.0099,0.3331,18.6157,0.9279,0.0005,2.1523
6-11,0.0000,1.9382,0.1524,3.0000,105.3421,6.3448,6.3448,0.0063,0.3953,0.0186,11972.0345,1.3498,0.0137,2.1455,2.1454,0.0000,2.1413,0.1919,1.3448,186.4018,3.4483,3.4483,0.0042,0.3985,0.0861,12591.1724,1.4473,0.0118,196.1034,0.5849,1.2092,66.6207,0.0041,0.8965,9.7931,0.0347,24563.2069,2.1446,1.2485,0.0117,0.8964,0.0000,2.1449,0.3485,0.9288,0.0000,0.0100,0.3385,18.6043,0.9283,0.0005,2.1450
6-2,0.0000,1.7946,0.0466,2.0690,36.0957,6.0000,6.0000,0.0064,0.3295,0.0765,11970.6552,1.3200,0.0135,2.4071,2.4070,2.0980,2.4034,0.2441,1.0000,244.1213,1.0000,1.0000,0.0011,0.0000,0.0000,6564.1034,0.0000,0.0069,148.0345,0.3974,0.9294,68.0797,0.0031,1.4471,7.0000,0.0266,18534.7586,2.4061,0.9661,0.0089,1.4404,0.0000,2.4065,0.2639,0.7257,0.0000,0.0076,0.2563,18.6626,0.7252,0.0005,2.4066
6-3,0.0000,1.9793,0.1842,2.1034,170.2436,6.3103,6.3103,0.0069,0.3479,0.0749,11969.9655,1.3499,0.0134,2.5491,2.5490,0.0000,2.5490,0.5413,2.0345,322.5733,2.0345,2.0345,0.0011,0.4046,0.1105,14062.2069,1.4784,0.0122,207.1034,0.4878,1.2054,62.4454,0.0044,1.3024,8.3448,0.0360,26032.1724,2.5482,1.2477,0.0124,1.3009,0.0000,2.5486,0.3707,0.9072,0.0000,0.0106,0.3601,18.6770,0.9065,0.0007,2.5487
6-4,0.0000,1.9725,0.1931,2.3103,160.3813,6.3793,6.3793,0.0069,0.3528,0.0678,11978.0690,1.3362,0.0136,2.3799,2.3798,0.0000,2.3799,0.4766,2.5517,326.5066,2.8966,2.8966,0.0023,0.4010,0.1118,12937.2414,1.3701,0.0169,198.7241,0.5041,1.1630,62.9241,0.0042,1.1759,9.2759,0.0359,24915.3103,2.3790,1.2093,0.0119,1.1701,0.0000,2.3794,0.3547,0.8850,0.0000,0.0102,0.3445,18.6662,0.8844,0.0006,2.3795
6-5,0.0000,1.9962,0.2356,2.3103,167.8911,6.3448,6.3448,0.0066,0.3514,0.0587,11952.3448,1.3279,0.0137,2.2847,2.2846,0.0000,2.2846,0.4144,2.8276,340.1608,3.6552,3.6552,0.0034,0.3987,0.1175,12415.4138,1.3346,0.0147,194.6897,0.5215,1.1559,63.9141,0.0041,1.0874,10.0000,0.0365,24367.7586,2.2838,1.2022,0.0117,1.0820,0.0000,2.2842,0.3466,0.8855,0.0000,0.0100,0.3366,18.6523,0.8849,0.0005,2.2843
6-6,0.0000,1.9807,0.2321,2.4828,168.5918,6.4138,6.4138,0.0067,0.3504,0.0529,11958.6207,1.3216,0.0149,2.2378,2.2378,0.0000,2.2378,0.3960,2.6897,354.8551,4.1724,4.1724,0.0040,0.3984,0.1205,12102.9310,1.3022,0.0150,192.5517,0.5269,1.1433,64.0356,0.0041,1.0533,10.5862,0.0363,24061.5517,2.2370,1.1899,0.0115,1.0474,0.0000,2.2373,0.3423,0.8773,0.0000,0.0099,0.3324,18.6542,0.8768,0.0005,2.2374
6-7,0.0000,1.9736,0.2400,2.5862,193.7833,6.3793,6.3793,0.0070,0.3514,0.0446,11959.4138,1.3127,0.0157,2.2115,2.2114,0.0000,2.2114,0.3777,2.6897,352.0285,4.7586,4.7586,0.0042,0.4146,0.1214,11966.0690,1.2768,0.0149,191.8966,0.5314,1.1384,64.1263,0.0041,1.0310,11.1379,0.0371,23925.4828,2.2106,1.1875,0.0115,1.0234,0.0000,2.2110,0.3404,0.8768,0.0000,0.0098,0.3306,18.6549,0.8763,0.0005,2.2111
6-8,0.0000,1.9905,0.2611,2.9310,211.0765,6.3793,6.3793,0.0068,0.3549,0.0374,11974.8966,1.3130,0.0151,2.2099,2.2099,0.0000,2.2099,0.3480,2.4138,330.2214,5.7241,5.7241,0.0064,0.4168,0.1266,11972.1379,1.2939,0.0162,192.7931,0.5344,1.1404,64.2559,0.0041,1.0255,12.1034,0.0390,23947.0345,2.2091,1.1938,0.0115,1.0156,0.0000,2.2094,0.3407,0.8834,0.0000,0.0099,0.3308,18.6511,0.8829,0.0005,2.2095
6-9,0.0000,1.9570,0.2182,3.0690,167.5147,6.2414,6.2414,0.0066,0.3639,0.0305,11964.0345,1.3209,0.0147,2.2153,2.2152,0.0000,2.2152,0.3299,2.4483,270.4701,5.2759,5.2759,0.0059,0.4188,0.1272,12060.3793,1.3165,0.0151,193.2759,0.5407,1.1488,64.6637,0.0041,1.0221,11.5172,0.0394,24024.4138,2.2144,1.1990,0.0116,1.0158,0.0000,2.2148,0.3417,0.8864,0.0000,0.0099,0.3318,18.6467,0.8859,0.0005,2.2149
7-10,0.0000,1.9855,0.1876,3.2069,122.6962,6.1724,6.1724,0.0067,0.3788,0.0241,11961.3448,1.3712,0.0149,2.1613,2.1612,0.0000,2.1612,0.1523,2.2759,126.2343,4.6207,4.6207,0.0048,0.4285,0.1481,12118.0000,1.4120,0.0136,193.5862,0.5736,1.1963,67.0384,0.0041,0.9214,10.7931,0.0386,24079.3448,2.1604,1.2425,0.0116,0.9183,0.0000,2.1608,0.3420,0.9288,0.0000,0.0099,0.3321,18.6213,0.9282,0.0005,2.1609
7-11,0.0000,1.9280,0.1464,2.9655,100.5939,6.3448,6.3448,0.0066,0.3840,0.0180,11982.6207,1.3572,0.0137,2.1608,2.1607,0.0000,2.1602,0.1875,1.3793,182.1418,3.4483,3.4483,0.0038,0.4066,0.1011,12598.2414,1.4457,0.0140,196.5172,0.5825,1.2127,66.7107,0.0042,0.9075,9.7931,0.0355,24580.8621,2.1599,1.2527,0.0117,0.9075,0.0000,2.1602,0.3489,0.9323,0.0000,0.0101,0.3388,18.6084,0.9317,0.0005,2.1604
7-2,0.0000,1.7918,0.0440,2.1724,33.1186,6.0000,6.0000,0.0065,0.3312,0.0735,11968.0345,1.3213,0.0134,2.4852,2.4851,1.6755,2.4851,0.3034,1.2069,245.1993,1.2069,1.2069,0.0011,0.0837,0.0256,8162.3448,0.3437,0.0087,160.7586,0.4031,0.9793,66.1678,0.0034,1.4726,7.2069,0.0289,20130.3793,2.4842,1.0180,0.0097,1.4666,0.0000,2.4846,0.2868,0.7561,0.0000,0.0083,0.2785,18.6778,0.7555,0.0006,2.4847
7-3,0.0000,1.9273,0.1453,2.0690,133.5097,6.3103,6.3103,0.0069,0.3397,0.0736,11983.0345,1.3458,0.0137,2.5457,2.5456,0.0000,2.5456,0.5299,2.0690,316.3005,2.0690,2.0690,0.0011,0.4002,0.1283,13942.7586,1.4729,0.0123,206.2069,0.4888,1.2061,62.7461,0.0044,1.2985,8.3793,0.0358,25925.7931,2.5448,1.2490,0.0124,1.2962,0.0000,2.5452,0.3693,0.9104,0.0000,0.0106,0.3587,18.6783,0.9096,0.0007,2.5453
7-4,0.0000,1.9429,0.1823,2.2759,162.9210,6.4138,6.4138,0.0070,0.3406,0.0664,11980.9310,1.3309,0.0135,2.3846,2.3846,0.0000,2.3846,0.4678,2.5517,326.6182,2.9310,2.9310,0.0029,0.3922,0.1307,12857.1724,1.3729,0.0169,198.4483,0.5037,1.1629,63.1309,0.0042,1.1792,9.3448,0.0375,24838.1034,2.3838,1.2109,0.0119,1.1733,0.0000,2.3841,0.3537,0.8870,0.0000,0.0102,0.3435,18.6738,0.8864,0.0006,2.3842
7-5,0.0000,1.9709,0.2172,2.3448,152.8418,6.4828,6.4828,0.0068,0.3441,0.0571,11965.4138,1.3283,0.0151,2.2960,2.2959,0.0000,2.2959,0.4001,2.7931,331.5271,3.8276,3.8276,0.0042,0.3920,0.1373,12362.2414,1.3455,0.0153,194.6207,0.5185,1.1541,63.9296,0.0041,1.0996,10.3103,0.0372,24327.6552,2.2951,1.2033,0.0117,1.0921,0.0000,2.2954,0.3460,0.8875,0.0000,0.0100,0.3360,18.6517,0.8869,0.0006,2.2956
7-6,0.0000,1.9710,0.2219,2.5172,162.9322,6.4483,6.4483,0.0069,0.3468,0.0514,11965.3103,1.3258,0.0160,2.2596,2.2596,0.0000,2.2596,0.3829,2.6897,344.3189,4.3103,4.3103,0.0049,0.3927,0.1397,12100.5862,1.3189,0.0188,192.7241,0.5228,1.1453,64.1210,0.0041,1.0726,10.7586,0.0369,24065.8966,2.2588,1.1936,0.0116,1.0655,0.0000,2.2591,0.3424,0.8812,0.0000,0.0099,0.3325,18.6543,0.8807,0.0005,2.2592
7-7,0.0000,1.9617,0.2271,2.6207,179.2519,6.3103,6.3103,0.0069,0.3453,0.0433,11951.5862,1.3209,0.0160,2.2414,2.2414,0.0000,2.2414,0.3784,2.5172,354.3285,4.8621,4.8621,0.0055,0.4030,0.1419,11959.0000,1.2940,0.0168,191.7241,0.5227,1.1353,63.9893,0.0041,1.0645,11.1724,0.0367,23910.5862,2.2406,1.1844,0.0115,1.0565,0.0000,2.2409,0.3402,0.8741,0.0000,0.0098,0.3304,18.6585,0.8736,0.0005,2.2410
7-8,0.0000,1.9943,0.2630,2.8966,208.6322,6.3448,6.3448,0.0067,0.3464,0.0361,11965.9655,1.3244,0.0154,2.2419,2.2418,0.0000,2.2419,0.3427,2.4828,324.8466,5.6897,5.6897,0.0065,0.4127,0.1487,11967.7241,1.3121,0.0172,192.7931,0.5259,1.1375,64.1336,0.0041,1.0601,12.0345,0.0394,23933.6897,2.2410,1.1915,0.0115,1.0499,0.0000,2.2414,0.3406,0.8809,0.0000,0.0099,0.3307,18.6577,0.8804,0.0005,2.2415
7-9,0.0000,1.9874,0.2440,3.2069,190.8924,6.4138,6.4138,0.0068,0.3561,0.0287,11976.2414,1.3343,0.0153,2.2401,2.2400,0.0000,2.2400,0.3078,2.4483,250.6912,5.3103,5.3103,0.0063,0.4225,0.1493,12060.3448,1.3347,0.0175,193.2759,0.5348,1.1504,64.7221,0.0041,1.0459,11.7241,0.0388,24036.5862,2.2392,1.2012,0.0116,1.0383,0.0000,2.2395,0.3418,0.8893,0.0000,0.0099,0.3319,18.6425,0.8888,0.0005,2.2397
